0.17199,2.8774e-10,1.6993e-08,5.7779e-13,8.104e-13,1.7607e-06,1.2072e-09,8.9672e-06,0.010898,0.53303,0.45043,1.3275e-09,0.00016183,7.6205e-05,1.2746e-07,1.1302e-07,2.5912e-08,0.0053934,1.9816e-08,0.99437,0.0056317,1.0746e-05,0.99999,0.99999,2.6639e-07,0.45051,1.0746e-05,0.46697,0.98909,1.0729e-05,0.0053934
0.21468,1.8062e-09,1.321e-07,6.5872e-12,8.2562e-12,5.4504e-06,4.6852e-09,2.8115e-05,0.023687,0.41435,0.53444,1.3901e-08,0.0011245,0.00042558,9.0187e-07,7.9659e-07,2.4631e-07,0.025929,1.525e-07,0.97252,0.027482,3.3704e-05,0.99997,0.99997,1.9448e-06,0.53487,3.3704e-05,0.58564,0.97628,3.3572e-05,0.025929
0.24807,3.376e-09,3.7878e-07,3.4172e-11,3.6527e-11,4.966e-06,5.0087e-09,2.3149e-05,0.015463,0.3529,0.48906,1.0546e-07,0.0039916,0.0040809,1.4278e-05,1.2703e-05,2.5192e-06,0.13445,4.927e-07,0.85745,0.14255,2.8502e-05,0.99997,0.99997,2.95e-05,0.49316,2.8502e-05,0.64707,0.98451,2.8123e-05,0.13445
0.69963,2.5954e-08,3.357e-06,5.6637e-10,5.2723e-10,1.5197e-05,2.2794e-08,6.5209e-05,0.023736,0.18889,0.28177,1.4258e-06,0.024397,0.021341,0.00011727,0.00010539,2.9257e-05,0.45953,4.8327e-06,0.49447,0.50552,8.3812e-05,0.99992,0.99992,0.00025192,0.30333,8.3812e-05,0.81085,0.97615,8.0455e-05,0.45953
0.23759,1.3704e-08,2.6764e-06,8.0885e-10,6.4477e-10,4.3471e-06,7.2051e-09,1.7883e-05,0.0063302,0.070305,0.090859,3.0297e-06,0.024264,0.066308,0.00055867,0.00050882,8.5711e-05,0.74075,5.7285e-06,0.16752,0.83248,2.4929e-05,0.99998,0.99998,0.0011532,0.15823,2.4929e-05,0.92854,0.99356,2.2252e-05,0.74075
0.23759,2.0299e-08,5.0606e-06,2.8719e-09,1.8073e-09,2.7285e-06,6.1535e-09,1.0727e-05,0.0025808,0.014474,0.017573,9.4672e-06,0.043933,0.12466,0.001241,0.0011559,0.00025433,0.7941,1.4559e-05,0.034642,0.96534,1.8547e-05,0.99998,0.99998,0.0026512,0.14463,1.8547e-05,0.98287,0.99714,1.3483e-05,0.7941
0.39667,6.4818e-09,2.5335e-06,2.4817e-09,1.2998e-09,5.2634e-07,1.1995e-09,2.0605e-06,0.00054404,0.0044181,0.0046342,1.3129e-05,0.026696,0.34004,0.0048896,0.0046015,0.00052878,0.61363,1.5673e-05,0.0095989,0.99039,5.1317e-06,0.99999,0.99999,0.01002,0.35417,5.1317e-06,0.98556,0.99891,2.5958e-06,0.61363
0.4514,1.0159e-08,5.1873e-06,1.1591e-08,4.1997e-09,3.3119e-07,1.049e-09,1.2151e-06,0.00021326,0.00096055,0.00096566,5.1507e-05,0.042552,0.57859,0.014932,0.014135,0.0021147,0.34548,5.6721e-05,0.002141,0.9978,6.7605e-06,0.99999,0.99999,0.031182,0.60862,6.7605e-06,0.96785,0.99761,1.5617e-06,0.34548
0.38942,2.2312e-09,1.7388e-06,6.9726e-09,2.0986e-09,4.5883e-08,1.4389e-10,1.7107e-07,3.4427e-05,0.00022461,0.0002254,4.9446e-05,0.014521,0.75872,0.050544,0.047242,0.003151,0.12529,5.1196e-05,0.00048465,0.99946,1.9672e-06,1,1,0.10094,0.85673,1.9672e-06,0.89884,0.99676,2.2143e-07,0.12529
0.39097,3.1378e-09,3.1231e-06,3.452e-08,6.658e-09,2.4577e-08,1.1192e-10,8.4806e-08,1.1248e-05,4.388e-05,4.4509e-05,0.00019577,0.015531,0.61873,0.15677,0.14762,0.013433,0.047618,0.00019894,9.9746e-05,0.9997,3.277e-06,1,1,0.31782,0.92316,3.277e-06,0.68213,0.98636,1.1929e-07,0.047618
0.4528,2.9724e-10,4.4424e-07,8.9952e-09,1.4202e-09,1.5383e-09,6.8549e-12,5.5061e-09,8.9504e-07,5.0884e-06,5.2451e-06,8.2823e-05,0.0025482,0.30886,0.35607,0.31305,0.0097641,0.0096153,8.3278e-05,1.1236e-05,0.99991,4.62e-07,1,1,0.67888,0.97798,4.62e-07,0.32112,0.99015,8.7687e-09,0.0096153
0.20675,1.6479e-10,2.8984e-07,1.7799e-08,1.8709e-09,3.1619e-10,2.1786e-12,1.0347e-09,1.0673e-07,3.7398e-07,3.9254e-07,0.00013163,0.00084231,0.072981,0.46458,0.44133,0.01879,0.0013468,0.00013194,8.746e-07,0.99987,3.1103e-07,1,1,0.9247,0.97889,3.1103e-07,0.075302,0.98108,3.3888e-09,0.0013468
0.12758,1.9307e-11,3.9112e-08,3.8761e-09,4.4268e-10,2.6059e-11,1.9112e-13,8.6946e-11,9.6422e-09,4.4668e-08,4.7512e-08,3.9198e-05,9.6776e-05,0.016198,0.5373,0.439,0.0071709,0.00019332,3.9242e-05,1.0194e-07,0.99996,4.3563e-08,1,1,0.98347,0.9925,4.3563e-08,0.016528,0.99279,5.7518e-10,0.00019333
0.17148,3.3046e-09,1.3763e-07,4.7866e-12,7.1936e-12,1.6863e-05,1.5e-08,8.6933e-05,0.062677,0.45746,0.47166,5.9497e-09,0.00061153,9.8945e-05,1.6869e-07,1.4898e-07,7.2511e-08,0.0073851,1.619e-07,0.9919,0.008096,0.00010395,0.9999,0.9999,3.9019e-07,0.47176,0.00010395,0.54254,0.93722,0.00010381,0.0073851
0.30234,3.5207e-08,1.705e-06,1.0097e-10,1.3451e-10,7.5047e-05,9.5744e-08,0.00037707,0.1411,0.33982,0.47659,1.0244e-07,0.0054718,0.00067812,1.7125e-06,1.5076e-06,1.0544e-06,0.035875,1.9386e-06,0.95797,0.04203,0.00045395,0.99955,0.99955,4.2745e-06,0.47727,0.00045395,0.66017,0.85844,0.00045224,0.035875
0.33962,2.9786e-08,2.4518e-06,2.3343e-10,2.5699e-10,3.3853e-05,4.5426e-08,0.00015764,0.060096,0.30094,0.47343,3.854e-07,0.013101,0.0040597,1.4374e-05,1.2759e-05,5.6806e-06,0.14815,2.9129e-06,0.83465,0.16535,0.00019402,0.99981,0.99981,3.2814e-05,0.47751,0.00019402,0.69903,0.9397,0.00019157,0.14815
0.6198,2.8569e-07,2.5902e-05,5.2106e-09,4.9566e-09,0.00011365,2.5173e-07,0.00046944,0.081684,0.15702,0.22826,6.3206e-06,0.08341,0.020477,0.00012781,0.00011435,7.5392e-05,0.42822,3.2771e-05,0.46754,0.53243,0.00060954,0.99939,0.99939,0.00031755,0.24897,0.00060954,0.84264,0.91762,0.00058363,0.42822
0.27145,8.4942e-08,1.2938e-05,4.3382e-09,3.3494e-09,1.9329e-05,4.3336e-08,7.7164e-05,0.015983,0.055599,0.077524,8.6814e-06,0.072602,0.052335,0.00042697,0.00038992,0.00015396,0.72487,2.1755e-05,0.1492,0.85078,0.00010957,0.99989,0.99989,0.00097086,0.13068,0.00010957,0.94342,0.98375,9.6625e-05,0.72487
0.27872,1.9726e-07,3.691e-05,2.6291e-08,1.5646e-08,1.7045e-05,5.7209e-08,6.3649e-05,0.0075259,0.013049,0.015428,4.0904e-05,0.17528,0.098603,0.0011847,0.0011017,0.00063943,0.68703,7.811e-05,0.036084,0.96384,0.0001179,0.99988,0.99988,0.0029258,0.11632,0.0001179,0.98399,0.99168,8.0964e-05,0.68703
0.36297,4.2711e-08,1.3614e-05,1.6917e-08,7.7059e-09,2.2562e-06,7.2881e-09,8.2887e-06,0.0012348,0.0036005,0.0038305,4.5306e-05,0.0978,0.26348,0.0039705,0.0037504,0.0011566,0.62111,5.8994e-05,0.0086763,0.99126,2.4234e-05,0.99998,0.99998,0.0088774,0.27503,2.4234e-05,0.98751,0.99754,1.0603e-05,0.62111
0.45867,1.3116e-07,5.0354e-05,1.577e-07,5.1867e-08,2.4871e-06,1.2536e-08,8.1528e-06,0.00067802,0.0010911,0.0010958,0.00031682,0.1937,0.42216,0.01552,0.014741,0.007307,0.34334,0.00036753,0.0028757,0.99676,6.1347e-05,0.99994,0.99994,0.037568,0.45351,6.1347e-05,0.96129,0.99164,1.0836e-05,0.34334
0.39177,2.3997e-08,1.4945e-05,8.8203e-08,2.209e-08,2.8869e-07,1.3838e-09,9.6056e-07,0.00010071,0.00025758,0.00025848,0.00029912,0.063857,0.6646,0.053234,0.050801,0.011765,0.15481,0.0003142,0.00061802,0.99907,1.633e-05,0.99998,0.99998,0.1158,0.76889,1.633e-05,0.88393,0.98782,1.2967e-06,0.15482
0.47727,5.9649e-08,4.2283e-05,7.0872e-07,1.2884e-07,2.5293e-07,1.9453e-09,7.5082e-07,4.544e-05,6.9729e-05,7.1701e-05,0.0017631,0.072699,0.49141,0.15508,0.1534,0.063278,0.062141,0.0018063,0.00018787,0.99801,4.4186e-05,0.99996,0.99996,0.37176,0.79996,4.4186e-05,0.62813,0.93487,1.1942e-06,0.062142
0.41576,3.8365e-09,4.547e-06,1.4871e-07,1.939e-08,1.0885e-08,7.6978e-11,3.4127e-08,2.7996e-06,6.6422e-06,6.8825e-06,0.00065548,0.010702,0.27701,0.32356,0.32761,0.047702,0.012737,0.0006602,1.6369e-05,0.99932,4.764e-06,1,1,0.69888,0.92819,4.764e-06,0.30111,0.95164,6.8315e-08,0.012737
0.34694,4.2047e-09,5.224e-06,5.1113e-07,5.1336e-08,4.2443e-09,4.9917e-11,1.1906e-08,5.6925e-07,8.4255e-07,8.9542e-07,0.0016871,0.0046448,0.072974,0.36604,0.43151,0.12069,0.0024472,0.0016929,2.3234e-06,0.9983,5.8068e-06,0.99999,0.99999,0.91824,0.87052,5.8068e-06,0.081754,0.87761,7.1741e-08,0.0024478
0.16372,2.5472e-10,4.1732e-07,7.3092e-08,6.625e-09,1.8166e-10,2.1348e-12,5.3125e-10,3.0808e-08,6.5924e-08,7.0487e-08,0.00037317,0.00040987,0.017441,0.44166,0.49461,0.045205,0.00029971,0.00037366,1.6793e-07,0.99963,4.9801e-07,1,1,0.98148,0.95371,4.9801e-07,0.018524,0.95442,7.5947e-09,0.00029979
0.40495,7.7243e-08,1.9959e-06,9.1204e-11,1.4851e-10,0.00025671,3.6888e-07,0.0012236,0.33274,0.30615,0.34599,5.1489e-08,0.0028426,0.00017522,3.8305e-07,3.4048e-07,3.5875e-07,0.010618,2.4937e-06,0.98636,0.013637,0.0014827,0.99852,0.99852,1.0823e-06,0.34616,0.0014827,0.69385,0.66577,0.0014807,0.010618
0.43914,6.4045e-07,1.8709e-05,1.5532e-09,2.2534e-09,0.00082451,1.8021e-06,0.00387,0.50626,0.19045,0.24697,6.7049e-07,0.017591,0.00080371,2.7579e-06,2.4364e-06,3.7928e-06,0.033192,2.1826e-05,0.94838,0.051596,0.0047156,0.99528,0.99528,8.9871e-06,0.24778,0.0047156,0.80952,0.48902,0.0046969,0.033192
0.51003,5.1402e-07,2.7061e-05,3.3502e-09,3.9301e-09,0.00036992,8.0311e-07,0.0016324,0.24576,0.22778,0.32488,2.4591e-06,0.04902,0.0048472,2.1944e-05,1.9377e-05,2.0132e-05,0.14561,3.0845e-05,0.80043,0.19954,0.0020308,0.99797,0.99797,6.1453e-05,0.32977,0.0020308,0.77213,0.75218,0.0020037,0.14561
0.61245,3.7704e-06,0.00021648,5.8999e-08,6.0043e-08,0.00089407,3.3505e-06,0.003485,0.22467,0.10518,0.13005,3.0331e-05,0.22923,0.017002,0.00013974,0.00012413,0.00019502,0.28877,0.00025405,0.46428,0.53546,0.0046028,0.9954,0.9954,0.00045889,0.14732,0.0046028,0.89414,0.7705,0.0043862,0.28877
0.46029,1.0556e-06,0.0001102,4.7545e-08,3.7375e-08,0.00014946,5.3155e-07,0.00056689,0.049732,0.046797,0.058326,4.2274e-05,0.25518,0.044459,0.00045865,0.00041562,0.0004138,0.54335,0.00015414,0.15557,0.84427,0.00082822,0.99917,0.99917,0.0012881,0.10366,0.00082822,0.9518,0.94898,0.00071797,0.54335
0.39751,2.2677e-06,0.00028785,2.7401e-07,1.6804e-07,0.00011312,6.4164e-07,0.00039724,0.018069,0.0094624,0.010314,0.0001787,0.52733,0.058856,0.0010029,0.00092264,0.001456,0.3716,0.0004699,0.038356,0.96117,0.00080156,0.9992,0.9992,0.0033816,0.071095,0.00080156,0.98687,0.97949,0.00051344,0.3716
0.41375,5.2282e-07,0.00011965,2.0076e-07,8.8745e-08,1.6038e-05,8.4894e-08,5.3824e-05,0.0034411,0.0032773,0.0033979,0.00023343,0.37867,0.16349,0.0036417,0.0034241,0.0031843,0.43706,0.00035398,0.010186,0.98946,0.00019041,0.99981,0.99981,0.01025,0.17395,0.00019041,0.98635,0.99295,7.0558e-05,0.43706
0.38785,1.6254e-06,0.00042023,1.8432e-06,6.2981e-07,1.6519e-05,1.486e-07,4.7035e-05,0.0015693,0.00090904,0.00092052,0.001537,0.55926,0.19565,0.011095,0.010478,0.017371,0.20072,0.0019615,0.0034624,0.99458,0.00048803,0.99951,0.99951,0.038944,0.21815,0.00048803,0.95972,0.97903,6.5958e-05,0.20072
0.50092,4.4378e-07,0.00018771,1.6145e-06,4.0685e-07,2.8644e-06,2.4083e-08,8.15e-06,0.00036471,0.00035206,0.0003588,0.002311,0.26432,0.43158,0.051913,0.049828,0.044916,0.15385,0.0025012,0.0010866,0.99641,0.00020121,0.9998,0.9998,0.14666,0.53368,0.00020121,0.8528,0.95221,1.1889e-05,0.15386
0.52822,1.111e-06,0.0004926,1.217e-05,2.435e-06,2.4332e-06,3.4781e-08,6.0492e-06,0.00015065,9.3813e-05,9.8584e-05,0.012302,0.22552,0.28287,0.11225,0.11058,0.19784,0.057769,0.01281,0.00035153,0.98684,0.00051684,0.99948,0.99948,0.42067,0.5058,0.00051684,0.57873,0.78919,1.2063e-05,0.057784
0.53313,9.4199e-08,7.1954e-05,3.5575e-06,4.9259e-07,1.3908e-07,1.7738e-09,3.6767e-07,1.2918e-05,1.254e-05,1.3252e-05,0.0065157,0.045676,0.20769,0.24471,0.26302,0.21513,0.017138,0.0065918,3.9217e-05,0.99337,7.6607e-05,0.99992,0.99992,0.72286,0.71544,7.6607e-05,0.27705,0.77826,1.0953e-06,0.017142
0.46909,9.888e-08,7.5259e-05,1.1179e-05,1.2592e-06,5.1642e-08,1.1216e-09,1.219e-07,2.4943e-06,1.6045e-06,1.7226e-06,0.015159,0.016641,0.054499,0.20554,0.24836,0.45646,0.0032378,0.015247,5.9949e-06,0.98475,8.797e-05,0.99991,0.99991,0.91037,0.50841,8.797e-05,0.089541,0.52829,1.5327e-06,0.0032502
0.41521,7.9728e-09,8.5264e-06,2.3715e-06,2.226e-07,2.9854e-09,6.1909e-11,7.4577e-09,1.9794e-07,1.9003e-07,2.0352e-07,0.0051509,0.0023198,0.021364,0.30383,0.39475,0.27192,0.0006557,0.005162,6.0193e-07,0.99484,1.1139e-05,0.99999,0.99999,0.9705,0.71995,1.1139e-05,0.029491,0.72292,2.4108e-07,0.00065829
0.35176,8.7173e-07,1.3325e-05,8.8904e-10,1.5784e-09,0.001762,4.3383e-06,0.0078205,0.74504,0.10989,0.1228,2.1325e-07,0.0055035,0.00014373,4.2144e-07,3.8136e-07,8.3468e-07,0.0070217,1.8751e-05,0.98731,0.012671,0.0096011,0.9904,0.9904,1.6375e-06,0.12295,0.0096011,0.8901,0.24536,0.0095878,0.0070217
0.25545,5.4869e-06,9.4619e-05,1.1442e-08,1.8207e-08,0.0042578,1.6008e-05,0.019711,0.80491,0.060527,0.069624,2.0407e-06,0.024916,0.00046579,2.1632e-06,1.9389e-06,6.3544e-06,0.015464,0.00011818,0.95903,0.040856,0.024085,0.97591,0.97591,1.0457e-05,0.070094,0.024085,0.93936,0.171,0.02399,0.015464
0.50591,6.1514e-06,0.00019502,3.437e-08,4.412e-08,0.0025819,9.826e-06,0.010873,0.54768,0.11112,0.13426,1.0413e-05,0.10249,0.0036266,2.2316e-05,1.9744e-05,4.5972e-05,0.087059,0.00022149,0.80652,0.19326,0.013666,0.98633,0.98633,8.8031e-05,0.13793,0.013666,0.88859,0.4386,0.013471,0.087059
0.63068,3.5453e-05,0.0012379,4.7752e-07,5.343e-07,0.0047614,3.1841e-05,0.017845,0.36246,0.048592,0.052669,9.9354e-05,0.37051,0.0096165,0.00010769,9.568e-05,0.00033843,0.1316,0.0014055,0.48633,0.51226,0.023913,0.97609,0.97609,0.0005418,0.062489,0.023913,0.94959,0.61319,0.022675,0.1316
0.45226,1.1186e-05,0.00074333,4.3908e-07,3.7202e-07,0.00090144,5.6086e-06,0.0032513,0.099028,0.027034,0.029781,0.00015952,0.55266,0.026155,0.00037041,0.0003322,0.00081306,0.25875,0.00092045,0.16,0.83908,0.0049137,0.99509,0.99509,0.0015157,0.056639,0.0049137,0.9707,0.89509,0.0041699,0.25875
0.21206,1.8022e-05,0.0014706,1.8959e-06,1.2793e-06,0.00048568,5.0209e-06,0.0016147,0.024157,0.0042089,0.0043703,0.00049166,0.82,0.021872,0.00054159,0.00049122,0.001984,0.11829,0.0019885,0.034837,0.96317,0.0035973,0.9964,0.9964,0.0030168,0.027275,0.0035973,0.99128,0.96977,0.0021247,0.11829
0.26555,4.4556e-06,0.00068085,1.5452e-06,7.3011e-07,7.361e-05,7.0159e-07,0.00022477,0.0052631,0.0017092,0.0017484,0.00073115,0.76337,0.058011,0.0019294,0.0017922,0.0048806,0.15958,0.0014194,0.009019,0.98956,0.00098667,0.99901,0.99901,0.0086022,0.063481,0.00098667,0.989,0.98814,0.00030427,0.15958
0.20555,1.2824e-05,0.0021453,1.2903e-05,4.9161e-06,6.6933e-05,1.1388e-06,0.00016455,0.0020443,0.00046293,0.00047656,0.0043199,0.8322,0.057928,0.0047773,0.0044482,0.022381,0.06855,0.006497,0.0032152,0.99029,0.0024085,0.99759,0.99759,0.031607,0.06763,0.0024085,0.96575,0.96885,0.00025036,0.068568
0.44986,5.3885e-06,0.0014426,1.7763e-05,4.9537e-06,1.7891e-05,2.8299e-07,4.2816e-05,0.00076247,0.0002949,0.00030681,0.010304,0.56812,0.1801,0.030274,0.028725,0.091105,0.088475,0.011775,0.0014249,0.9868,0.0015317,0.99847,0.99847,0.1501,0.2394,0.0015317,0.84813,0.8963,7.1332e-05,0.088498
0.59022,1.1814e-05,0.003232,0.00011606,2.6344e-05,1.3183e-05,3.598e-07,2.7402e-05,0.00027901,7.5908e-05,8.0685e-05,0.04769,0.37065,0.11392,0.052769,0.050513,0.32746,0.033134,0.051076,0.00047619,0.94845,0.0034272,0.99657,0.99657,0.43074,0.21728,0.0034272,0.5658,0.62115,7.9103e-05,0.033277
0.54056,1.3903e-06,0.00064367,4.7308e-05,7.4692e-06,1.052e-06,2.5373e-08,2.3254e-06,3.3995e-05,1.4327e-05,1.5329e-05,0.035434,0.10125,0.10394,0.12093,0.12538,0.49861,0.013691,0.036133,6.7028e-05,0.9638,0.00070324,0.9993,0.9993,0.74491,0.35026,0.00070324,0.25437,0.46522,1.2262e-05,0.013746
0.32414,9.3917e-07,0.00044238,0.00010107,1.2604e-05,2.5245e-07,1.0253e-08,5.0246e-07,4.4464e-06,1.3209e-06,1.4104e-06,0.060137,0.024632,0.021606,0.066511,0.073904,0.75068,0.0019618,0.060694,7.9327e-06,0.9393,0.00055776,0.99944,0.99944,0.8911,0.16202,0.00055776,0.10834,0.18862,1.4309e-05,0.0020755
0.4105,1.1165e-07,7.3553e-05,3.2091e-05,3.304e-06,2.1972e-08,8.3197e-10,4.6688e-08,5.5375e-07,2.4913e-07,2.6365e-07,0.030051,0.0052598,0.012956,0.11921,0.14981,0.68197,0.00063752,0.03016,1.1352e-06,0.96984,0.00010913,0.99989,0.99989,0.95099,0.28197,0.00010913,0.048905,0.28787,3.4851e-06,0.00067291
0.23919,5.7048e-06,5.1523e-05,4.9495e-09,9.5821e-09,0.0075323,3.0065e-05,0.03276,0.8912,0.028813,0.030362,5.0563e-07,0.0061661,7.4309e-05,2.8048e-07,2.5948e-07,1.1282e-06,0.0030015,8.7813e-05,0.99067,0.0092436,0.04038,0.95962,0.95962,1.6682e-06,0.030437,0.04038,0.97113,0.068418,0.040328,0.0030015
0.28593,3.7295e-05,0.00038239,6.4297e-08,1.1206e-07,0.018784,0.00011495,0.088216,0.82088,0.018492,0.019251,4.8102e-06,0.027177,0.00023445,1.3961e-06,1.275e-06,8.4072e-06,0.0064165,0.00053962,0.96562,0.033839,0.10753,0.89247,0.89247,1.1078e-05,0.019488,0.10753,0.98108,0.071574,0.10715,0.0064167
0.38916,4.7665e-05,0.00090152,2.2693e-07,3.2073e-07,0.011755,7.8192e-05,0.049379,0.69041,0.039496,0.042135,2.8073e-05,0.12751,0.0018615,1.535e-05,1.3751e-05,6.743e-05,0.036293,0.001056,0.83318,0.16576,0.062162,0.93784,0.93784,9.6531e-05,0.044026,0.062162,0.95946,0.24733,0.06126,0.036294
0.63684,0.00026882,0.005632,3.0685e-06,3.8105e-06,0.02015,0.00024435,0.072583,0.39653,0.019643,0.020218,0.00025684,0.40691,0.0046712,7.0542e-05,6.3359e-05,0.00046835,0.052285,0.0064089,0.52913,0.46447,0.098885,0.90112,0.90112,0.00060225,0.025024,0.098885,0.97385,0.50386,0.093249,0.052292
0.29499,9.3257e-05,0.0038025,3.1381e-06,2.9645e-06,0.0040748,4.6678e-05,0.013968,0.12755,0.012043,0.012469,0.00045088,0.71733,0.011905,0.00023767,0.00021235,0.0011794,0.094633,0.0043994,0.1701,0.8255,0.021991,0.97801,0.97801,0.0016294,0.024825,0.021991,0.98243,0.84883,0.018185,0.09464
0.19311,0.00016294,0.0081428,1.4451e-05,1.1196e-05,0.00225,4.4821e-05,0.006712,0.030394,0.0021765,0.002237,0.0014428,0.89157,0.0094319,0.00034634,0.0003113,0.0028403,0.041909,0.009819,0.043769,0.94641,0.017338,0.98266,0.98266,0.003498,0.012326,0.017338,0.98599,0.94798,0.009181,0.041935
0.10237,3.3121e-05,0.0032445,9.8649e-06,5.2968e-06,0.00028061,5.1e-06,0.00076991,0.0060021,0.00075632,0.00077627,0.0018237,0.91643,0.017379,0.00086938,0.00079404,0.0056432,0.045174,0.0051215,0.0085852,0.98629,0.0043484,0.99565,0.99565,0.0073067,0.019819,0.0043484,0.98864,0.98218,0.001094,0.045189
0.18957,0.00011298,0.011895,9.699e-05,4.2933e-05,0.00029454,9.7878e-06,0.00061257,0.0027753,0.00028157,0.00029359,0.012474,0.89146,0.020698,0.0024149,0.0022065,0.027828,0.026498,0.024633,0.0042576,0.97111,0.013065,0.98693,0.98693,0.03245,0.025613,0.013065,0.95512,0.94386,0.0010728,0.026638
0.27198,4.5416e-05,0.0076655,0.00013231,4.1993e-05,7.6263e-05,2.3217e-06,0.00015332,0.0010745,0.00018251,0.00019215,0.030624,0.72036,0.060759,0.013204,0.012281,0.11555,0.037659,0.038512,0.0016787,0.95981,0.0081171,0.99188,0.99188,0.14103,0.086436,0.0081171,0.8509,0.84463,0.00031932,0.037833
0.5874,8.8959e-05,0.015495,0.00080047,0.00020369,5.0098e-05,2.6098e-06,8.747e-05,0.00037077,4.7646e-05,5.0366e-05,0.13294,0.40007,0.039897,0.020642,0.019206,0.35479,0.01525,0.14953,0.00060635,0.84986,0.016728,0.98327,0.98327,0.39464,0.079796,0.016728,0.58873,0.49517,0.00043283,0.016254
0.4108,1.1137e-05,0.0032524,0.00035735,6.2437e-05,4.2867e-06,1.955e-07,7.9674e-06,4.9542e-05,9.6903e-06,1.032e-05,0.11423,0.12521,0.036793,0.042244,0.041169,0.6297,0.0068907,0.11791,8.1807e-05,0.882,0.0036958,0.9963,0.9963,0.71311,0.12022,0.0036958,0.2832,0.25233,8.6024e-05,0.0073105
0.31065,5.8533e-06,0.0018188,0.00067374,8.6039e-05,7.959e-07,6.0016e-08,1.3424e-06,5.2613e-06,7.6166e-07,7.9824e-07,0.18494,0.024803,0.0069279,0.018569,0.018404,0.74288,0.00088286,0.18752,8.9595e-06,0.81247,0.0025866,0.99741,0.99741,0.77985,0.043902,0.0025866,0.21756,0.069589,9.409e-05,0.0016426
0.31561,7.0633e-07,0.00029986,0.00021733,2.2943e-05,7.2204e-08,4.9849e-09,1.3096e-07,7.0624e-07,1.5653e-07,1.6185e-07,0.097571,0.0057131,0.0044293,0.03048,0.03347,0.82748,0.00031581,0.098112,1.2278e-06,0.90189,0.00054105,0.99946,0.99946,0.89143,0.068379,0.00054105,0.10803,0.074408,2.3857e-05,0.00055608
0.47237,3.8022e-05,0.00020428,2.5879e-08,5.4701e-08,0.036966,0.00022097,0.14879,0.78583,0.0096259,0.0097619,1.1569e-06,0.0070577,4.1682e-05,1.8778e-07,1.767e-07,1.4987e-06,0.0014627,0.00046451,0.99097,0.0085639,0.18622,0.81378,0.81378,1.8632e-06,0.0098039,0.18622,0.99013,0.02795,0.18602,0.0014627
0.56492,0.00020568,0.001262,2.6718e-07,5.099e-07,0.074925,0.00069476,0.3305,0.55507,0.0055779,0.0056759,8.5842e-06,0.02354,0.00010017,7.0439e-07,6.523e-07,8.5495e-06,0.0024276,0.0021718,0.97175,0.026078,0.40759,0.59241,0.59241,9.9062e-06,0.0057774,0.40759,0.99294,0.037323,0.40633,0.0024284
0.5006,0.00030551,0.0034613,1.1847e-06,1.8417e-06,0.045977,0.00052079,0.19058,0.59551,0.013551,0.013877,6.0775e-05,0.12107,0.00086118,9.0202e-06,8.2167e-06,8.0964e-05,0.014131,0.0043514,0.85949,0.13616,0.24085,0.75915,0.75915,9.8201e-05,0.014756,0.24085,0.98258,0.16351,0.23738,0.014135
0.71922,0.001659,0.020741,1.5396e-05,2.1248e-05,0.069291,0.0015297,0.22842,0.31485,0.0074697,0.0077064,0.00052524,0.32539,0.0020478,3.932e-05,3.5904e-05,0.0005243,0.019729,0.024492,0.62774,0.34776,0.32168,0.67832,0.67832,0.00059952,0.0098294,0.32168,0.96949,0.36242,0.30092,0.019765
0.52702,0.00079826,0.019355,2.2559e-05,2.4147e-05,0.018177,0.0003982,0.055257,0.14277,0.0060855,0.0062665,0.0012729,0.7014,0.0061175,0.00016924,0.0001525,0.0017356,0.039998,0.021871,0.22855,0.74958,0.094033,0.90597,0.90597,0.0020574,0.012706,0.094033,0.97166,0.76019,0.074655,0.040045
0.26907,0.0018158,0.05291,0.00013263,0.00012005,0.012318,0.00049141,0.02938,0.043481,0.0016286,0.0016857,0.0050441,0.81636,0.0060031,0.0003085,0.00027873,0.0050096,0.023028,0.060514,0.088493,0.85099,0.097168,0.90283,0.90283,0.0055968,0.0082761,0.097168,0.9378,0.8493,0.044125,0.023281
0.16555,0.00038402,0.022726,9.462e-05,6.0109e-05,0.001601,5.796e-05,0.0036345,0.0096031,0.00057857,0.00059975,0.0065346,0.91279,0.0090986,0.00067047,0.00060474,0.0092843,0.021682,0.029857,0.016017,0.95413,0.028558,0.97144,0.97144,0.01056,0.010974,0.028558,0.9656,0.94602,0.0057375,0.021837
0.26357,0.0012067,0.077305,0.00086062,0.00045271,0.001539,0.0001013,0.0026105,0.0045465,0.00023871,0.00024781,0.040373,0.80156,0.011125,0.001712,0.0015445,0.039416,0.015165,0.1203,0.0091825,0.87052,0.084076,0.91592,0.91592,0.042672,0.01463,0.084076,0.87726,0.83159,0.0059102,0.016478
0.47585,0.00037479,0.039852,0.00095283,0.00034898,0.00031378,1.8516e-05,0.00052738,0.0014798,0.00012274,0.00012854,0.083892,0.69105,0.023802,0.0063596,0.0057972,0.1273,0.017685,0.12544,0.0025722,0.87199,0.042388,0.95761,0.95761,0.13945,0.036088,0.042388,0.8189,0.74494,0.0015834,0.018987
0.5471,0.00055049,0.062503,0.0046384,0.0013106,0.00015342,1.523e-05,0.00022538,0.00040714,2.6574e-05,2.753e-05,0.2923,0.31933,0.013533,0.0076352,0.0069585,0.28392,0.0064603,0.36132,0.00084004,0.63784,0.069396,0.9306,0.9306,0.29852,0.028154,0.069396,0.63246,0.35397,0.0022552,0.012409
0.48286,6.8735e-05,0.013286,0.0022319,0.00041292,1.3208e-05,1.1332e-06,2.073e-05,5.6e-05,5.4021e-06,5.6481e-06,0.29685,0.11429,0.011885,0.013577,0.01269,0.53164,0.0029653,0.31285,0.00010099,0.68705,0.016035,0.98397,0.98397,0.55791,0.038158,0.016035,0.42609,0.15542,0.00051673,0.0056101
0.44348,3.1235e-05,0.0065945,0.004346,0.00052475,2.091e-06,2.9346e-07,2.9945e-06,5.2718e-06,3.9117e-07,3.9892e-07,0.47857,0.020041,0.0021016,0.0051287,0.0048059,0.47748,0.00035971,0.49007,1.1147e-05,0.50992,0.011502,0.9885,0.9885,0.48742,0.012037,0.011502,0.50108,0.032437,0.00056137,0.0052304
0.47666,3.9235e-06,0.0011224,0.0015079,0.00014742,2.0328e-07,2.5553e-08,3.1551e-07,7.8484e-07,8.9495e-08,8.9852e-08,0.30867,0.005406,0.0014909,0.0083523,0.008103,0.66505,0.00014665,0.31145,1.483e-06,0.68855,0.0027822,0.99722,0.99722,0.6815,0.017946,0.0027822,0.31571,0.023499,0.00015189,0.0018019
0.70294,0.00015842,0.00050319,7.4003e-08,1.7186e-07,0.13594,0.0010896,0.44468,0.40724,0.0024159,0.0024553,1.4732e-06,0.0050281,1.4158e-05,6.9966e-08,6.6332e-08,1.1134e-06,0.00047297,0.0017529,0.99273,0.0055164,0.58237,0.41763,0.41763,1.2497e-06,0.0024696,0.58237,0.99692,0.010387,0.58187,0.00047322
0.45312,0.00052575,0.0019128,4.4618e-07,9.3838e-07,0.17046,0.0020697,0.63555,0.1781,0.00084786,0.00087062,6.1794e-06,0.0092073,1.8453e-05,1.413e-07,1.3152e-07,3.4981e-06,0.00043481,0.0045158,0.98582,0.0096643,0.81052,0.18948,0.18948,3.7709e-06,0.00088935,0.81052,0.99671,0.011379,0.8086,0.00043619
0.62481,0.0012361,0.008425,3.5687e-06,6.1035e-06,0.1223,0.0022393,0.47879,0.30491,0.0033692,0.0034725,7.7154e-05,0.070952,0.00026052,3.1933e-06,2.9459e-06,5.7744e-05,0.0038943,0.011987,0.91284,0.075171,0.613,0.387,0.387,6.3883e-05,0.0037392,0.613,0.9869,0.081955,0.60457,0.0039039
0.61339,0.0065173,0.048832,4.5287e-05,6.9508e-05,0.15526,0.0061247,0.44468,0.16023,0.0020055,0.0020906,0.00063812,0.16716,0.00059941,1.3404e-05,1.2403e-05,0.00035425,0.0053704,0.062227,0.76426,0.17351,0.66152,0.33848,0.33848,0.00038006,0.0027158,0.66152,0.94215,0.17726,0.61265,0.0054852
0.69801,0.0056099,0.079979,0.00012836,0.0001557,0.065203,0.0027717,0.16201,0.12889,0.0029869,0.0030985,0.0028847,0.52348,0.0030182,0.00010624,9.7318e-05,0.002122,0.017452,0.09153,0.36219,0.54628,0.31586,0.68414,0.68414,0.0023256,0.0063203,0.31586,0.90881,0.55024,0.23575,0.017736
0.74275,0.013206,0.22737,0.00076844,0.00080395,0.043395,0.0034504,0.079726,0.043697,0.00093132,0.00095989,0.011345,0.5539,0.0030698,0.000195,0.00017878,0.0059846,0.011024,0.25694,0.16871,0.57435,0.36872,0.63128,0.63128,0.0063583,0.0044035,0.36872,0.75056,0.57025,0.14058,0.012596
0.52526,0.0042253,0.14712,0.00084432,0.00063775,0.0084751,0.00061724,0.014986,0.01502,0.00050151,0.00051742,0.021553,0.74991,0.0059094,0.0005741,0.00051919,0.015004,0.013592,0.175,0.0395,0.7855,0.1769,0.8231,0.8231,0.016097,0.0075201,0.1769,0.83058,0.77152,0.028942,0.015074
0.67214,0.0080391,0.32807,0.0047453,0.0029276,0.0048946,0.00063114,0.0067618,0.004834,0.00013898,0.00014158,0.08053,0.50766,0.0047573,0.00086935,0.00078499,0.037313,0.0069008,0.42494,0.016771,0.55828,0.35607,0.64393,0.64393,0.038967,0.0065532,0.35607,0.61711,0.52125,0.023254,0.014574
0.6028,0.0025229,0.17177,0.0055976,0.0023682,0.0010304,0.00011756,0.0014424,0.0016892,7.4003e-05,7.5912e-05,0.17762,0.50004,0.0093763,0.0029068,0.0026188,0.1127,0.0080481,0.36,0.004312,0.63569,0.18485,0.81515,0.81515,0.11822,0.014978,0.18485,0.69945,0.52314,0.0074815,0.016014
0.64254,0.0024407,0.1871,0.019954,0.0061664,0.00032415,6.1413e-05,0.00040059,0.00031671,1.0974e-05,1.1075e-05,0.43314,0.17938,0.0037944,0.00228,0.0020525,0.1604,0.002159,0.64886,0.0010635,0.35007,0.21645,0.78355,0.78355,0.16474,0.008138,0.21645,0.61959,0.18969,0.0093932,0.028279
0.47141,0.00033015,0.042968,0.01157,0.0021895,3.0745e-05,4.9846e-06,4.0785e-05,4.8712e-05,2.4477e-06,2.4907e-06,0.55576,0.075077,0.003343,0.003831,0.0035008,0.30024,0.0010631,0.61282,0.00012518,0.38705,0.057135,0.94287,0.94287,0.30757,0.010677,0.057135,0.63537,0.08682,0.0025961,0.014823
0.33445,0.00012466,0.017459,0.022732,0.0024881,4.0075e-06,1.0596e-06,4.882e-06,3.9127e-06,1.5635e-07,1.5435e-07,0.7551,0.011073,0.00051399,0.0011736,0.0010733,0.18813,0.00011458,0.79791,1.3113e-05,0.20208,0.042814,0.95719,0.95719,0.19038,0.002761,0.042814,0.76682,0.013948,0.0026227,0.025335
0.47186,1.7324e-05,0.0032914,0.0093913,0.00078471,4.463e-07,1.0311e-07,5.9431e-07,6.8763e-07,4.2238e-08,4.0985e-08,0.66589,0.0037388,0.0004195,0.0020149,0.0018712,0.31252,5.5813e-05,0.67937,1.8115e-06,0.32062,0.013486,0.98651,0.98651,0.31641,0.0043057,0.013486,0.67011,0.0081004,0.00080318,0.010232
0.2797,0.00028386,0.00051137,7.75e-08,2.0046e-07,0.28359,0.0025646,0.61616,0.094897,0.00025845,0.00026572,6.7706e-07,0.0014065,1.7722e-06,9.097e-09,8.6251e-09,2.9444e-07,6.0572e-05,0.0033608,0.99517,0.0014691,0.90311,0.096891,0.096891,3.1216e-07,0.00026751,0.90311,0.99895,0.001993,0.9026,6.085e-05
0.23475,0.00085982,0.0017262,4.0057e-07,9.4806e-07,0.29108,0.0042659,0.66778,0.032138,7.3148e-05,7.6128e-05,2.3229e-06,0.0019502,1.7851e-06,1.4315e-08,1.3323e-08,7.3422e-07,4.2968e-05,0.0068556,0.99115,0.0019957,0.96571,0.034285,0.034285,7.6185e-07,7.7941e-05,0.96571,0.99734,0.0021442,0.96399,4.4316e-05
0.24887,0.0027973,0.011281,5.233e-06,9.9446e-06,0.20436,0.0055675,0.66701,0.085198,0.00046632,0.00048691,4.739e-05,0.022112,4.0239e-05,5.3711e-07,4.981e-07,1.9822e-05,0.00059154,0.019709,0.95753,0.022764,0.89104,0.10896,0.10896,2.0857e-05,0.00052818,0.89104,0.98542,0.023698,0.87975,0.00060672
0.4461,0.01789,0.078433,8.1468e-05,0.00014088,0.24198,0.017154,0.52868,0.055132,0.00035718,0.00037514,0.00046978,0.058043,0.00011179,2.7119e-06,2.5251e-06,0.00014446,0.00099438,0.11417,0.82653,0.059299,0.88437,0.11563,0.11563,0.0001497,0.00049217,0.88437,0.90295,0.059886,0.80585,0.0012167
0.78112,0.023598,0.20178,0.00040345,0.00055243,0.13936,0.011382,0.27371,0.073763,0.00093808,0.00097359,0.0036636,0.26215,0.00094667,3.821e-05,3.547e-05,0.0014845,0.0052279,0.24138,0.48874,0.26988,0.65078,0.34922,0.34922,0.0015582,0.0019939,0.65078,0.77117,0.27031,0.4486,0.0061838
0.65347,0.046106,0.50232,0.0019561,0.0023408,0.071038,0.01109,0.10293,0.021523,0.0002462,0.0002519,0.011319,0.22205,0.00076536,5.391e-05,4.9948e-05,0.003221,0.002738,0.57513,0.19599,0.22888,0.73778,0.26222,0.26222,0.0033248,0.0011211,0.73778,0.44371,0.22616,0.23351,0.0070348
0.68287,0.021322,0.47706,0.0033566,0.0029422,0.020049,0.0028747,0.028285,0.011377,0.00020995,0.00021353,0.032298,0.381,0.0020915,0.00023584,0.00021553,0.011624,0.0048452,0.53985,0.060135,0.40002,0.55589,0.44411,0.44411,0.012075,0.0027564,0.55589,0.48304,0.38882,0.075474,0.011144
0.59711,0.022609,0.69267,0.010889,0.0076744,0.0060687,0.0015229,0.0069507,0.002056,3.1092e-05,3.1205e-05,0.066355,0.16549,0.00090414,0.00018005,0.00016347,0.015016,0.0013928,0.80172,0.015138,0.18314,0.74838,0.25162,0.25162,0.01536,0.0012789,0.74838,0.25077,0.16819,0.044826,0.019956
0.69227,0.0095193,0.45655,0.018936,0.0090375,0.0017969,0.00039459,0.0021,0.0010584,2.476e-05,2.4843e-05,0.20878,0.22632,0.0023822,0.00080672,0.00072585,0.059264,0.0022806,0.70322,0.0050048,0.29178,0.49834,0.50166,0.50166,0.060797,0.0039396,0.49834,0.44513,0.23256,0.022848,0.030254
0.68949,0.0070893,0.39049,0.05925,0.019759,0.00041637,0.00015227,0.00043127,0.00015162,2.7868e-06,2.7535e-06,0.39217,0.067288,0.00074387,0.00046464,0.0004165,0.060691,0.00048286,0.86891,0.0010048,0.13009,0.47759,0.52241,0.52241,0.061572,0.0016278,0.47759,0.46184,0.069402,0.027848,0.079492
0.47183,0.0012089,0.10593,0.048173,0.0092217,5.2291e-05,1.62e-05,5.8612e-05,3.1545e-05,8.5426e-07,8.4488e-07,0.67355,0.036056,0.00078999,0.0009095,0.00081904,0.12287,0.00030634,0.8381,0.00014415,0.16176,0.16466,0.83534,0.83534,0.1246,0.0025194,0.16466,0.71086,0.038883,0.010558,0.057701
0.32309,0.0004577,0.040159,0.1048,0.011402,6.8664e-06,3.4642e-06,7.1385e-06,2.6523e-06,5.871e-08,5.6206e-08,0.77256,0.0054283,0.00012783,0.00027738,0.00024967,0.064475,3.5539e-05,0.92939,1.6772e-05,0.070594,0.15684,0.84316,0.84316,0.065002,0.00065494,0.15684,0.77818,0.0061188,0.011877,0.11624
0.37349,6.3696e-05,0.0075248,0.048614,0.0035849,8.1099e-07,3.4826e-07,9.3185e-07,5.0796e-07,1.7546e-08,1.6435e-08,0.83653,0.0020094,0.00010645,0.00045089,0.00040991,0.10068,1.8709e-05,0.89632,2.2848e-06,0.10368,0.059789,0.94021,0.94021,0.10155,0.00096726,0.059789,0.83867,0.0029954,0.0036507,0.052217
0.27136,0.00045131,0.00041002,6.3829e-08,1.8839e-07,0.48349,0.0059236,0.49436,0.015036,2.0885e-05,2.1795e-05,2.348e-07,0.00027824,1.6461e-07,8.829e-10,8.3759e-10,5.7869e-08,5.7369e-06,0.0067854,0.99293,0.0002842,0.98464,0.015363,0.015363,5.9589e-08,2.1962e-05,0.98464,0.99912,0.00032682,0.98423,5.9891e-06
0.24339,0.0022578,0.0020834,5.193e-07,1.4378e-06,0.4898,0.014874,0.48377,0.0066766,8.697e-06,9.1983e-06,1.212e-06,0.00051218,2.3927e-07,2.045e-09,1.9091e-09,2.1256e-07,5.7708e-06,0.019219,0.98026,0.0005184,0.99279,0.0072141,0.0072141,2.1651e-07,9.4415e-06,0.99279,0.99565,0.00053608,0.9907,7.7279e-06
0.25285,0.0065617,0.014039,6.7462e-06,1.4684e-05,0.32227,0.014731,0.61579,0.020458,5.7458e-05,6.075e-05,2.4779e-05,0.0058941,5.3287e-06,7.5134e-08,6.9782e-08,5.7086e-06,7.9653e-05,0.035379,0.95864,0.0059849,0.97341,0.026586,0.026586,5.8536e-06,6.6223e-05,0.97341,0.97931,0.0060974,0.95937,0.00010108
0.37814,0.049875,0.11196,0.00012661,0.00025588,0.32277,0.048034,0.43236,0.016484,5.4618e-05,5.7716e-05,0.00028932,0.017509,1.7586e-05,4.4797e-07,4.1815e-07,4.8685e-05,0.00016033,0.21054,0.77173,0.017737,0.96538,0.034622,0.034622,4.9551e-05,7.6168e-05,0.96538,0.83768,0.0178,0.8533,0.00054281
0.65398,0.065613,0.32961,0.00072512,0.0011378,0.18488,0.029855,0.27041,0.026242,0.00017154,0.00017811,0.0026228,0.086826,0.00017284,7.4418e-06,6.9468e-06,0.00058106,0.00096709,0.42956,0.48187,0.088562,0.88222,0.11778,0.11778,0.00059545,0.00036535,0.88222,0.60215,0.08833,0.55189,0.00283
0.48181,0.10042,0.67561,0.0025837,0.003636,0.062802,0.020213,0.070278,0.0055261,3.1312e-05,3.2018e-05,0.0056727,0.051873,9.4978e-05,6.9855e-06,6.4908e-06,0.00085428,0.00035364,0.80814,0.13867,0.05319,0.93555,0.064452,0.064452,0.00086776,0.00014047,0.93555,0.21684,0.052399,0.25735,0.0065733
0.31888,0.047243,0.77505,0.0052737,0.0053475,0.018637,0.0052963,0.021528,0.0033703,3.1713e-05,3.2029e-05,0.018828,0.094817,0.00029307,3.5288e-05,3.2435e-05,0.0034818,0.00070583,0.85704,0.0436,0.099365,0.87837,0.12163,0.12163,0.0035495,0.00039282,0.87837,0.16351,0.095947,0.098053,0.011327
0.19051,0.034699,0.87973,0.012221,0.010153,0.0033672,0.0017199,0.0031769,0.00037597,2.8061e-06,2.806e-06,0.024824,0.026793,7.5985e-05,1.5755e-05,1.4332e-05,0.0026993,0.00012495,0.96335,0.0069257,0.029723,0.94507,0.054929,0.054929,0.0027294,0.00010888,0.94507,0.060461,0.02703,0.053116,0.022499
0.35399,0.018939,0.73206,0.034247,0.018288,0.0014562,0.00062835,0.0014146,0.0003054,3.6624e-06,3.6314e-06,0.12115,0.054985,0.00030449,0.00010799,9.7323e-05,0.015693,0.00031785,0.92531,0.0031836,0.071505,0.80703,0.19297,0.19297,0.015898,0.00051344,0.80703,0.18057,0.05582,0.040727,0.052853
0.51381,0.014354,0.56898,0.12167,0.046891,0.00032854,0.00023998,0.0002821,4.395e-05,4.1503e-07,4.0579e-07,0.21506,0.01668,9.5519e-05,6.097e-05,5.4613e-05,0.015189,6.8622e-05,0.9672,0.0006554,0.032149,0.75274,0.24726,0.24726,0.015305,0.00021151,0.75274,0.2328,0.01696,0.062096,0.16863
0.60796,0.0035696,0.20639,0.16042,0.033543,6.6891e-05,4.0323e-05,6.3156e-05,1.5516e-05,2.2568e-07,2.1852e-07,0.53976,0.013837,0.000159,0.00018317,0.00016383,0.041718,7.1684e-05,0.94372,0.00014601,0.056133,0.40409,0.59591,0.59591,0.042065,0.00050621,0.40409,0.55401,0.014415,0.037283,0.19403
0.60397,0.0013708,0.071757,0.35082,0.046852,9.0134e-06,8.8111e-06,7.9937e-06,1.3915e-06,1.6809e-08,1.5768e-08,0.50632,0.0022189,2.7823e-05,5.8092e-05,5.1949e-05,0.020485,9.0877e-06,0.97713,1.8431e-05,0.022851,0.47082,0.52918,0.52918,0.020595,0.00013788,0.47082,0.50861,0.0023659,0.048249,0.39768
0.53969,0.00024167,0.016607,0.21926,0.017774,1.4915e-06,1.1996e-06,1.4874e-06,3.8822e-07,7.6377e-09,6.9553e-09,0.70962,0.001128,3.1443e-05,0.00012049,0.00010836,0.035097,6.8958e-06,0.9635,3.3818e-06,0.036492,0.25389,0.74611,0.74611,0.035326,0.0002603,0.25389,0.71079,0.0013952,0.01802,0.23704
0.25412,0.0013459,0.00053324,1.061e-07,3.6585e-07,0.67417,0.025484,0.29505,0.003321,3.16e-06,3.3557e-06,1.5928e-07,8.9687e-05,3.0451e-08,1.8081e-10,1.7332e-10,2.2571e-08,1.0038e-06,0.027364,0.97255,9.0744e-05,0.99658,0.0034184,0.0034184,2.2925e-08,3.3865e-06,0.99658,0.99812,9.7238e-05,0.99605,1.4758e-06
0.2457,0.0099289,0.0036209,1.2675e-06,4.2332e-06,0.62128,0.083933,0.27883,0.0021757,1.9627e-06,2.1019e-06,1.1743e-06,0.00021915,6.2955e-08,6.0193e-10,5.6989e-10,1.1761e-07,1.4299e-06,0.09749,0.90229,0.00022076,0.9976,0.0024017,0.0024017,1.1879e-07,2.166e-06,0.9976,0.98644,0.00022471,0.99398,6.9306e-06
0.28373,0.02311,0.021303,1.199e-05,3.1296e-05,0.46853,0.058897,0.42001,0.0060939,9.6545e-06,1.0311e-05,1.7304e-05,0.0019618,9.6145e-07,1.4469e-08,1.3507e-08,2.2009e-06,1.442e-05,0.10337,0.89465,0.0019794,0.99189,0.0081106,0.0081106,2.2289e-06,1.13e-05,0.99189,0.95553,0.0019972,0.97057,5.7706e-05
0.55703,0.14331,0.1319,0.00017924,0.00044564,0.3289,0.13582,0.25025,0.0043294,7.567e-06,8.0091e-06,0.00015746,0.004646,2.4987e-06,6.686e-08,6.2739e-08,1.4526e-05,2.325e-05,0.41182,0.58349,0.0046864,0.99081,0.0091888,0.0091888,1.4656e-05,1.0637e-05,0.99081,0.72414,0.0046874,0.85873,0.00064812
0.59632,0.15887,0.39582,0.00093176,0.0017573,0.17564,0.063948,0.17381,0.0066066,2.1384e-05,2.2252e-05,0.0012907,0.020985,2.1538e-05,9.5936e-07,8.9701e-07,0.00015385,0.00012568,0.62262,0.35609,0.021288,0.97077,0.029229,0.029229,0.00015571,4.5647e-05,0.97077,0.44244,0.021178,0.57402,0.0028147
0.37859,0.21377,0.66094,0.0025937,0.0046392,0.041165,0.031512,0.033058,0.001024,2.8185e-06,2.8868e-06,0.0020521,0.0090407,8.4335e-06,6.365e-07,5.9192e-07,0.00016161,3.3149e-05,0.9155,0.075253,0.0092451,0.98767,0.012327,0.012327,0.00016284,1.2549e-05,0.98767,0.1179,0.0090892,0.32414,0.0072661
0.24983,0.08125,0.85895,0.0050927,0.0064041,0.010385,0.0063829,0.0094479,0.00056615,2.5728e-06,2.6013e-06,0.006315,0.014523,2.3039e-05,2.8604e-06,2.6307e-06,0.00058891,5.8848e-05,0.9644,0.020405,0.015199,0.97791,0.022085,0.022085,0.0005944,3.1132e-05,0.97791,0.047705,0.014615,0.11387,0.011556
0.14859,0.063598,0.89142,0.01286,0.01467,0.0017244,0.0019847,0.0012735,6.1587e-05,2.2485e-07,2.2482e-07,0.008026,0.0039243,5.8214e-06,1.2408e-06,1.1296e-06,0.00043536,1.0225e-05,0.99256,0.0030599,0.0043781,0.98753,0.012466,0.012466,0.00043773,8.4166e-06,0.98753,0.017011,0.0039432,0.083251,0.02754
0.24552,0.029824,0.83962,0.043589,0.029231,0.00076545,0.00069122,0.00060504,5.5139e-05,3.2707e-07,3.234e-07,0.043978,0.0088731,2.5207e-05,9.1823e-06,8.2786e-06,0.0026958,2.8447e-05,0.98693,0.0014263,0.01164,0.94433,0.055674,0.055674,0.0027132,4.2991e-05,0.94433,0.055022,0.0089448,0.061117,0.072848
0.39476,0.025779,0.59479,0.18482,0.10445,0.0001987,0.00030688,0.00013933,9.5339e-06,4.523e-08,4.4055e-08,0.083284,0.0032219,9.5317e-06,6.1639e-06,5.5227e-06,0.0029675,7.4651e-06,0.99343,0.00034765,0.0062181,0.91049,0.089512,0.089512,0.0029792,2.1262e-05,0.91049,0.087178,0.0032507,0.13088,0.28928
0.58965,0.0074752,0.26806,0.34915,0.096369,5.4231e-05,6.5745e-05,4.2759e-05,4.7755e-06,3.6067e-08,3.4575e-08,0.26486,0.0036366,2.1753e-05,2.5006e-05,2.2323e-05,0.010205,1.0967e-05,0.98598,0.00010184,0.013922,0.72121,0.27879,0.27879,0.010252,6.9117e-05,0.72121,0.2687,0.0037167,0.10401,0.44553
0.44692,0.0022548,0.069052,0.61635,0.12849,5.7539e-06,1.1246e-05,4.3137e-06,3.4828e-07,2.1985e-09,2.0461e-09,0.17937,0.00048799,3.1635e-06,6.4407e-06,5.754e-06,0.0039555,1.1544e-06,0.99553,1.042e-05,0.00446,0.81617,0.18383,0.18383,0.0039677,1.536e-05,0.81617,0.17989,0.00050451,0.13077,0.74484
0.62162,0.00056118,0.02231,0.56408,0.062331,1.5578e-06,2.3809e-06,1.3462e-06,1.6899e-07,1.8362e-09,1.6468e-09,0.3408,0.00040408,6.0154e-06,2.1525e-05,1.9349e-05,0.0094622,1.527e-06,0.99008,3.0765e-06,0.0099147,0.64929,0.35071,0.35071,0.009503,4.6891e-05,0.64929,0.34121,0.0004525,0.062898,0.62641
0.35305,0.0061207,0.0010372,3.5648e-07,1.4271e-06,0.66927,0.14501,0.17723,0.0012754,1.0112e-06,1.076e-06,2.1935e-07,5.1894e-05,1.2608e-08,8.82e-11,8.655e-11,1.8821e-08,3.5212e-07,0.15217,0.84778,5.2277e-05,0.99867,0.00133,0.00133,1.8996e-08,1.0888e-06,0.99867,0.99284,5.4346e-05,0.99763,2.1357e-06
0.50729,0.034786,0.0049438,3.0485e-06,1.2218e-05,0.4655,0.35976,0.13419,0.00071046,4.8963e-07,5.1959e-07,1.1411e-06,9.0849e-05,1.8766e-08,2.0964e-10,2.0387e-10,6.9122e-08,3.6868e-07,0.39951,0.6004,9.1306e-05,0.9992,0.00080391,0.00080391,6.9535e-08,5.3876e-07,0.9992,0.96025,9.2246e-05,0.99425,1.5635e-05
0.43031,0.079112,0.027028,2.1718e-05,7.0278e-05,0.44718,0.22959,0.21456,0.001783,1.7425e-06,1.86e-06,1.2233e-05,0.00063609,1.883e-07,3.1132e-09,2.9498e-09,8.8535e-07,2.7139e-06,0.33583,0.66353,0.00063988,0.99756,0.0024387,0.0024387,8.9141e-07,2.0543e-06,0.99756,0.89377,0.0006426,0.97051,9.471e-05
0.51235,0.31361,0.096872,0.00017989,0.00057403,0.20063,0.29166,0.094745,0.00079482,7.8702e-07,8.2436e-07,6.0241e-05,0.00086262,2.6755e-07,7.679e-09,7.3075e-09,3.1312e-06,2.4472e-06,0.70296,0.29617,0.00086849,0.99827,0.0017252,0.0017252,3.1462e-06,1.1069e-06,0.99827,0.58876,0.00086697,0.90122,0.00075636
0.45513,0.35453,0.32708,0.00091254,0.0022117,0.11686,0.11741,0.075479,0.0012219,2.0095e-06,2.0861e-06,0.00046814,0.0037644,2.0224e-06,9.339e-08,8.775e-08,3.0112e-05,1.2218e-05,0.80262,0.19357,0.0038089,0.9945,0.005503,0.005503,3.0293e-05,4.2897e-06,0.9945,0.31522,0.0037829,0.6665,0.0031364
0.44261,0.47049,0.43921,0.0022554,0.0056014,0.021628,0.046617,0.012028,0.00016278,2.3279e-07,2.3668e-07,0.00062972,0.0013455,6.8149e-07,5.34e-08,5.0035e-08,2.6719e-05,2.7655e-06,0.9648,0.03382,0.0013758,0.99783,0.0021687,0.0021687,2.6822e-05,1.0216e-06,0.99783,0.082415,0.0013495,0.55637,0.0078595
0.21882,0.19547,0.7645,0.0054648,0.0096808,0.0062589,0.0095696,0.0041572,0.00010439,2.3633e-07,2.3854e-07,0.0022537,0.0024244,2.0503e-06,2.6213e-07,2.4179e-07,0.00010959,5.5237e-06,0.98694,0.010521,0.0025421,0.9951,0.0049006,0.0049006,0.00011009,2.7928e-06,0.9951,0.024776,0.002433,0.22513,0.015151
0.28203,0.18754,0.74811,0.01879,0.034736,0.0013744,0.0038702,0.00076495,1.6802e-05,3.235e-08,3.2032e-08,0.0037714,0.0009152,7.8224e-07,1.7222e-07,1.5805e-07,0.00011444,1.442e-06,0.99681,0.0021562,0.0010322,0.99518,0.0048205,0.0048205,0.00011477,1.1445e-06,0.99518,0.010715,0.00091782,0.22828,0.053527
0.26111,0.065417,0.78999,0.059088,0.064246,0.00049481,0.0010095,0.00030989,1.227e-05,3.6765e-08,3.6199e-08,0.01714,0.0017223,2.6419e-06,9.8383e-07,8.8962e-07,0.00056029,3.1987e-06,0.99689,0.00081705,0.0022903,0.98056,0.019443,0.019443,0.00056217,4.5515e-06,0.98056,0.020695,0.0017301,0.13148,0.12334
0.44301,0.049025,0.45215,0.22195,0.24654,0.00012093,0.00041511,6.898e-05,2.1088e-06,5.1824e-09,5.0067e-09,0.028527,0.00062029,9.9569e-07,6.4957e-07,5.8496e-07,0.0005802,8.4157e-07,0.9986,0.00019203,0.0012036,0.97027,0.029733,0.029733,0.00058144,2.2352e-06,0.97027,0.029757,0.00062337,0.29617,0.46849
0.42971,0.011385,0.21731,0.45806,0.22841,2.805e-05,7.1825e-05,1.8275e-05,9.1538e-07,3.5089e-09,3.3498e-09,0.082374,0.00063064,1.9328e-06,2.2145e-06,1.9778e-06,0.0016994,1.0671e-06,0.99762,4.7248e-05,0.0023372,0.91529,0.084712,0.084712,0.0017036,6.1284e-06,0.91529,0.083126,0.00063783,0.23992,0.68647
0.35987,0.0025684,0.041312,0.61396,0.3005,2.2508e-06,9.1939e-06,1.4133e-06,5.2115e-08,1.6921e-10,1.5681e-10,0.041071,6.759e-05,2.2346e-07,4.4657e-07,3.9964e-07,0.00050766,8.9054e-08,0.99942,3.7165e-06,0.00057641,0.95835,0.041648,0.041648,0.00050851,1.0698e-06,0.95835,0.041152,6.8749e-05,0.30308,0.91446
0.33326,0.0006778,0.015681,0.74036,0.14965,7.4866e-07,2.2452e-06,5.5536e-07,3.3062e-08,1.902e-10,1.6969e-10,0.092069,7.2885e-05,5.595e-07,1.9224e-06,1.733e-06,0.0014818,1.5602e-07,0.99844,1.3374e-06,0.001559,0.90637,0.093628,0.093628,0.0014854,4.215e-06,0.90637,0.092146,7.7256e-05,0.15033,0.89001
0.55712,0.018196,0.0014198,1.0154e-06,4.5332e-06,0.39298,0.49578,0.091137,0.0004491,3.2378e-07,3.3164e-07,2.6561e-07,2.5982e-05,5.4568e-09,4.5796e-11,4.6268e-11,1.4824e-08,1.1087e-07,0.5154,0.48457,2.6113e-05,0.99952,0.00047613,0.00047613,1.4916e-08,3.3719e-07,0.99952,0.98038,2.6754e-05,0.9981,5.6595e-06
0.28551,0.056228,0.0032315,4.0351e-06,1.8617e-05,0.17082,0.72931,0.040226,0.00013945,8.1768e-08,8.2764e-08,6.3669e-07,2.1961e-05,3.8681e-09,5.1209e-11,5.1466e-11,2.5198e-08,5.7362e-08,0.78879,0.21119,2.2047e-05,0.99984,0.0001623,0.0001623,2.53e-08,8.6735e-08,0.99984,0.94052,2.2186e-05,0.9966,2.2709e-05
0.4721,0.15668,0.018474,2.4416e-05,9.8185e-05,0.21967,0.53419,0.070389,0.00033395,2.2254e-07,2.3209e-07,5.4727e-06,0.0001306,2.6489e-08,4.9684e-10,4.8332e-10,2.3826e-07,3.4004e-07,0.70947,0.2904,0.00013121,0.99953,0.00047109,0.00047109,2.3924e-07,2.5956e-07,0.99953,0.82473,0.00013143,0.98103,0.00012294
0.47942,0.44916,0.040851,0.0001213,0.00050101,0.069524,0.41671,0.022905,0.00010032,6.5225e-08,6.6017e-08,1.5926e-05,0.00011015,2.3067e-08,7.3389e-10,7.169e-10,4.987e-07,1.9035e-07,0.90736,0.092529,0.00011087,0.99977,0.00022724,0.00022724,5.0016e-07,9.0534e-08,0.99977,0.50937,0.0001105,0.9588,0.0006225
0.43272,0.61107,0.15798,0.00061449,0.0020179,0.047411,0.15944,0.020733,0.0001554,1.4422e-07,1.4707e-07,0.00011681,0.00046285,1.4452e-07,7.0922e-09,6.768e-09,4.2285e-06,8.6156e-07,0.93123,0.0683,0.0004681,0.99926,0.0007406,0.0007406,4.2424e-06,3.0546e-07,0.99926,0.22832,0.00046416,0.84067,0.0026332
0.25048,0.76349,0.16667,0.0014705,0.0052678,0.0078106,0.051826,0.0031226,2.1399e-05,1.8654e-08,1.84e-08,0.00015166,0.00016121,5.2285e-08,4.3737e-09,4.1887e-09,3.7827e-06,2.0514e-07,0.98888,0.010955,0.00016525,0.99966,0.00033835,0.00033835,3.7913e-06,7.9248e-08,0.99966,0.063094,0.00016151,0.83152,0.0067385
0.50516,0.49092,0.46348,0.0060569,0.016396,0.0038892,0.016015,0.0018716,2.2679e-05,2.8815e-08,2.8556e-08,0.00086749,0.00046101,2.3518e-07,3.1472e-08,2.9454e-08,2.4077e-05,6.4382e-07,0.99373,0.0057836,0.00048603,0.99862,0.0013763,0.0013763,2.4138e-05,3.2466e-07,0.99862,0.023128,0.00046201,0.52909,0.022454
0.42849,0.45888,0.42845,0.025109,0.075952,0.0011524,0.0077997,0.00050496,5.6857e-06,6.6882e-09,6.4123e-09,0.0018684,0.00025158,1.437e-07,3.3018e-08,3.1029e-08,3.6124e-05,2.6562e-07,0.99805,0.0016631,0.00028817,0.99784,0.0021622,0.0021622,3.6188e-05,2.1416e-07,0.99784,0.011583,0.00025206,0.54428,0.10106
0.39175,0.1701,0.56983,0.082388,0.16638,0.00042666,0.002014,0.00021388,3.9763e-06,6.6163e-09,6.3937e-09,0.0080285,0.00045958,4.2499e-07,1.6197e-07,1.4849e-07,0.00016173,5.4037e-07,0.99873,0.00064452,0.00062259,0.99134,0.0086551,0.0086551,0.00016204,7.4185e-07,0.99134,0.011148,0.00046087,0.33913,0.24876
0.43213,0.081872,0.23633,0.1977,0.47427,7.5712e-05,0.00057221,3.6264e-05,5.295e-07,7.5251e-10,7.0855e-10,0.008889,0.00012527,1.2389e-07,8.1145e-08,7.4479e-08,0.00011948,1.1056e-07,0.99964,0.00011251,0.00024514,0.99087,0.0091347,0.0091347,0.00011964,2.8022e-07,0.99087,0.0096992,0.00012566,0.55683,0.67198
0.37847,0.014835,0.11636,0.37779,0.47151,1.2129e-05,6.7832e-05,6.566e-06,1.4964e-07,3.038e-10,2.8678e-10,0.019089,8.9999e-05,1.4973e-07,1.7019e-07,1.5308e-07,0.0002345,8.9638e-08,0.99966,1.8845e-05,0.00032506,0.98059,0.019414,0.019414,0.00023483,4.7329e-07,0.98059,0.019266,9.0562e-05,0.48643,0.8493
0.29413,0.0028148,0.018628,0.38029,0.59032,9.136e-07,7.8604e-06,4.9011e-07,8.4465e-09,1.5194e-11,1.3858e-11,0.0078673,9.3511e-06,1.7341e-08,3.3651e-08,3.0471e-08,6.4398e-05,7.5088e-09,0.99992,1.4122e-06,7.3838e-05,0.99206,0.0079411,0.0079411,6.4462e-05,8.1477e-08,0.99206,0.0078859,9.4401e-06,0.59315,0.97061
0.39063,0.00074406,0.0088512,0.61564,0.35389,3.1178e-07,1.8895e-06,1.9849e-07,5.5501e-09,1.7122e-11,1.519e-11,0.020653,1.1335e-05,4.567e-08,1.5142e-07,1.3743e-07,0.00020675,1.3786e-08,0.99978,5.1585e-07,0.00021843,0.97913,0.020872,0.020872,0.00020704,3.3453e-07,0.97913,0.020667,1.1683e-05,0.35464,0.96953
0.19681,0.026932,0.0010922,1.8074e-06,8.4984e-06,0.13586,0.80458,0.031406,0.00011288,8.2197e-08,7.7773e-08,2.1648e-07,8.9615e-06,2.1047e-09,2.0465e-11,2.0035e-11,8.4869e-09,2.3974e-08,0.83261,0.16738,8.9961e-06,0.99988,0.00012225,0.00012225,8.5263e-09,7.9915e-08,0.99988,0.97197,9.1476e-06,0.99878,1.033e-05
0.23139,0.062056,0.0017168,5.1343e-06,2.5187e-05,0.048836,0.87626,0.011064,2.9136e-05,1.7288e-08,1.6083e-08,3.716e-07,5.6749e-06,1.1314e-09,1.6682e-11,1.7058e-11,1.0582e-08,9.7924e-09,0.94007,0.059928,5.6964e-06,0.99996,3.5238e-05,3.5238e-05,1.0615e-08,1.7248e-08,0.99996,0.9362,5.7192e-06,0.99824,3.0331e-05
0.39383,0.18309,0.0076507,1.9872e-05,9.4939e-05,0.063727,0.72919,0.016162,4.7919e-05,2.6036e-08,2.562e-08,1.8733e-06,2.0618e-05,3.5381e-09,7.6506e-11,7.6936e-11,5.3778e-08,3.4977e-08,0.92004,0.079937,2.0711e-05,0.99993,7.0555e-05,7.0555e-05,5.3932e-08,2.9311e-08,0.99993,0.80915,2.0709e-05,0.99226,0.00011485
0.50524,0.49444,0.015491,9.7512e-05,0.00048472,0.02165,0.46201,0.0057847,1.6617e-05,9.0696e-09,8.5644e-09,5.4913e-06,1.8486e-05,3.4608e-09,1.2361e-10,1.2488e-10,1.1746e-07,2.1709e-08,0.97253,0.027451,1.8629e-05,0.99996,4.0754e-05,4.0754e-05,1.1771e-07,1.2274e-08,0.99996,0.48948,1.8529e-05,0.98437,0.00058225
0.2349,0.76272,0.05077,0.00035788,0.0015748,0.013934,0.16605,0.0044988,1.8726e-05,1.2068e-08,1.1738e-08,2.6909e-05,5.3009e-05,1.2016e-08,6.4812e-10,6.3719e-10,6.0869e-07,6.3488e-08,0.98149,0.018451,5.3694e-05,0.9999,9.9354e-05,9.9354e-05,6.0998e-07,2.5039e-08,0.9999,0.18458,5.311e-05,0.94877,0.0019327
0.21058,0.88518,0.051904,0.0010888,0.0051922,0.0029508,0.052656,0.00095143,4.071e-06,2.7489e-09,2.5459e-09,4.7471e-05,2.6835e-05,7.2661e-09,6.6247e-10,6.5789e-10,8.0961e-07,2.427e-08,0.99607,0.0039063,2.7677e-05,0.99992,7.9225e-05,7.9225e-05,8.1093e-07,1.1132e-08,0.99992,0.056637,2.6873e-05,0.94693,0.0062811
0.21058,0.77783,0.17214,0.0052752,0.021117,0.0019608,0.020539,0.00074081,5.0408e-06,4.3554e-09,4.1184e-09,0.00029852,8.56e-05,3.2115e-08,4.5882e-09,4.4318e-09,5.399e-06,8.253e-08,0.9972,0.0027067,9.1123e-05,0.99961,0.00039469,0.00039469,5.408e-06,4.5253e-08,0.99961,0.02363,8.5732e-05,0.82219,0.026393
0.41174,0.66666,0.18002,0.026105,0.11281,0.00085668,0.012257,0.0003313,2.1474e-06,1.8803e-09,1.699e-09,0.00086901,7.3417e-05,3.4254e-08,8.2534e-09,8.0762e-09,1.2297e-05,5.8176e-08,0.99872,0.0011901,8.5822e-05,0.99904,0.00095699,0.00095699,1.2313e-05,5.2282e-08,0.99904,0.014389,7.3529e-05,0.79291,0.13892
0.46755,0.31194,0.28775,0.088241,0.30427,0.00035171,0.0035912,0.00015135,1.4647e-06,1.5905e-09,1.4721e-09,0.0035141,0.0001301,8.5541e-08,3.3394e-08,3.1626e-08,4.9852e-05,1.0862e-07,0.99932,0.00050452,0.00018022,0.9963,0.0036957,0.0036957,4.9917e-05,1.5203e-07,0.9963,0.0077401,0.00013037,0.62031,0.39252
0.3114,0.11037,0.10148,0.14776,0.63637,5.6057e-05,0.00084052,2.461e-05,1.8999e-07,1.8862e-10,1.689e-10,0.0030412,3.2811e-05,2.4373e-08,1.589e-08,1.5188e-08,3.1813e-05,2.1759e-08,0.99985,8.0857e-05,6.4701e-05,0.99689,0.0031061,0.0031061,3.1844e-05,5.562e-08,0.99689,0.0039954,3.2888e-05,0.74766,0.78413
0.249,0.017629,0.046304,0.21949,0.71222,6.2048e-06,7.2465e-05,2.939e-06,3.278e-08,4.0643e-11,3.7141e-11,0.0042202,1.5229e-05,1.6259e-08,1.8085e-08,1.6683e-08,3.7961e-05,1.0341e-08,0.99994,9.1767e-06,5.3251e-05,0.99573,0.0042734,0.0042734,3.7996e-05,5.1064e-08,0.99573,0.0043171,1.529e-05,0.72993,0.93171
0.28209,0.0036933,0.0085754,0.19539,0.79034,6.6909e-07,1.1077e-05,3.3073e-07,2.8832e-09,3.4857e-12,3.0557e-12,0.0019754,2.3242e-06,2.9821e-09,5.4555e-09,5.1192e-09,1.4097e-05,1.3781e-09,0.99998,1.0027e-06,1.6436e-05,0.99801,0.0019919,0.0019919,1.4107e-05,1.356e-08,0.99801,0.0019898,2.3391e-06,0.79404,0.98573
0.28209,0.00097458,0.0048373,0.35958,0.62964,1.9123e-07,2.2726e-06,1.0854e-07,1.4724e-09,2.794e-12,2.4448e-12,0.0049256,2.464e-06,5.9715e-09,1.8599e-08,1.7267e-08,3.8569e-05,1.9564e-09,0.99996,3.0125e-07,4.1077e-05,0.99503,0.0049667,0.0049667,3.8605e-05,4.184e-08,0.99503,0.0049307,2.5078e-06,0.63062,0.98922
