0.31279,3.9477e-09,0.28566,5.4084e-10,0.047604,1.011e-14,1.0823e-11,8.0906e-06,0.66033,5.5061e-11,9.0994e-15,0.0030057,1.8539e-11,0.0030693,5.3413e-09,2.1901e-13,3.9517e-09,7.2801e-05,1.8344e-13,0.00011945,1.7995e-08,9.2826e-13,4.0694e-06,0.00013139,3.9322e-12,6.6199e-08,1.6706e-13,3.793e-07,1.0287e-09,0.00025085,8.4753e-06,0.99974,8.582e-08,1,0.0698,7.5702e-08,0.0030827,0.053764,0.050686,0.0031547,0.47313
0.28356,1.9889e-08,0.45832,4.9499e-09,0.073406,6.9763e-15,3.3639e-11,1.7074e-05,0.44664,4.1111e-10,6.0574e-15,0.015481,4.6253e-11,0.0049105,1.1324e-08,1.0691e-12,1.9662e-08,0.00032051,1.4609e-12,0.00042855,9.0706e-08,7.4848e-12,1.456e-05,0.00045907,1.5608e-11,3.8379e-07,9.687e-13,7.8557e-07,6.683e-09,0.00088767,1.7871e-05,0.99909,4.8655e-07,1,0.078779,4.3507e-07,0.015817,0.09415,0.078349,0.005264,0.45296
0.26248,3.3046e-07,0.66587,4.9738e-08,0.024052,4.0365e-14,4.6613e-11,7.9984e-06,0.27703,3.7731e-09,4.0796e-14,0.024084,4.9623e-11,0.0023943,9.983e-09,3.5361e-12,3.2614e-07,0.00071676,1.0522e-11,0.0028119,2.8166e-07,5.6943e-11,1.9561e-05,0.0030167,2.7835e-11,1.4382e-06,2.9674e-12,5.817e-07,7.7346e-08,0.0058294,8.5902e-06,0.99416,1.8508e-06,1,0.065489,2.222e-06,0.024823,0.051277,0.026475,0.0031418,0.47439
0.32627,4.344e-06,0.63175,1.1776e-06,0.032663,9.9525e-13,4.0674e-10,2.9929e-05,0.16014,8.0899e-08,1.0257e-12,0.12655,3.4125e-10,0.0055431,5.2198e-08,5.6681e-11,4.2641e-06,0.0056591,2.6533e-10,0.018127,3.5143e-06,1.3862e-09,0.00013848,0.019362,3.1139e-10,1.9634e-05,5.2269e-11,2.6367e-06,1.3744e-06,0.037499,3.262e-05,0.96247,2.5783e-05,0.99997,0.08027,3.0795e-05,0.13238,0.17061,0.038381,0.011408,0.41486
0.49785,5.9337e-05,0.49675,9.7183e-06,0.013815,4.2694e-12,4.6559e-10,1.6571e-05,0.11248,5.7779e-07,5.1662e-12,0.141,3.1147e-10,0.0033946,4.2416e-08,1.4455e-10,5.8371e-05,0.010931,1.4614e-09,0.10733,8.8221e-06,8.0956e-09,0.00017192,0.11389,4.5305e-10,6.0059e-05,1.2554e-10,1.9396e-06,1.2641e-05,0.22136,1.8562e-05,0.77862,9.1828e-05,0.99991,0.076515,0.00020013,0.15231,0.1694,0.017409,0.014725,0.41548
0.67031,0.00017512,0.18429,7.2564e-05,0.0071954,1.5093e-11,5.557e-10,1.3754e-05,0.034004,2.3401e-06,1.7503e-11,0.23236,2.8819e-10,0.0021015,3.2672e-08,3.1782e-10,0.00018436,0.023649,5.6753e-09,0.25375,1.9515e-05,3.1795e-08,0.00025208,0.26171,6.9769e-10,0.00017188,3.0849e-10,1.5041e-06,4.6226e-05,0.51594,1.5323e-05,0.48404,0.00031257,0.99969,0.085437,0.00065015,0.25693,0.26576,0.0095838,0.02669,0.36732
0.35263,0.00038737,0.042237,0.00011866,0.00077278,5.5109e-12,5.7321e-11,1.1141e-06,0.0061251,1.9434e-06,7.1248e-12,0.062112,2.3809e-11,0.00022636,2.6645e-09,6.7987e-11,0.00052478,0.0075989,2.9649e-09,0.44553,5.4795e-06,1.8366e-08,4.1287e-05,0.4342,9.1108e-11,6.7405e-05,6.5403e-11,1.2774e-07,5.7226e-05,0.88081,1.263e-06,0.11919,0.00025073,0.99975,0.063483,0.0011554,0.070915,0.070825,0.0010472,0.0090307,0.46447
0.14559,0.00052168,0.0049245,0.00046414,0.00011138,6.3122e-12,1.8622e-11,2.454e-07,0.00053769,3.1686e-06,7.5828e-12,0.028293,5.8443e-12,3.698e-05,5.4386e-10,4.5819e-11,0.0016861,0.0055585,3.8563e-09,0.48968,3.5957e-06,2.5084e-08,1.7547e-05,0.468,3.9075e-11,6.9382e-05,4.7039e-11,2.632e-08,9.4235e-05,0.96045,2.9737e-07,0.039553,0.00063455,0.99937,0.059932,0.0028356,0.036712,0.034091,0.00016978,0.0084556,0.48211
0.085579,0.0012974,0.0006175,0.00051415,8.8451e-06,2.1428e-12,1.7343e-12,1.5454e-08,6.6863e-05,2.2809e-06,2.8346e-12,0.0042932,4.417e-13,2.9589e-06,3.948e-11,8.6841e-12,0.0063433,0.0010253,1.7856e-09,0.53005,8.1901e-07,1.2725e-08,2.0856e-06,0.45564,4.5388e-12,1.9798e-05,8.8351e-12,1.8898e-09,0.00010973,0.99396,3.011e-08,0.0060373,0.0006468,0.99935,0.057909,0.0082844,0.013608,0.005353,1.4726e-05,0.0093179,0.49449
0.17761,0.0082241,0.00015745,0.0049948,5.7266e-06,2.5313e-11,5.206e-12,1.8975e-08,2.4891e-05,2.4295e-05,3.1985e-11,0.0047081,1.0226e-12,2.3139e-06,6.7619e-11,5.6261e-11,0.047627,0.0020401,2.0028e-08,0.47653,3.5227e-06,1.4139e-07,4.4236e-06,0.45452,1.7744e-11,9.8204e-05,5.8579e-11,2.7493e-09,0.0010381,0.99296,1.6319e-07,0.0070448,0.006159,0.99384,0.070709,0.061982,0.068763,0.0068624,1.6009e-05,0.064057,0.47384
0.37362,0.053921,4.7154e-05,0.0086414,2.095e-06,3.8872e-11,2.4099e-12,5.8632e-09,1.2489e-05,5.7455e-05,5.5386e-11,0.0022929,3.9473e-13,8.1875e-07,2.4949e-11,4.9548e-11,0.18025,0.0010495,3.8333e-08,0.38214,3.1899e-06,2.8248e-07,2.0896e-06,0.36817,9.9881e-12,8.6819e-05,5.0909e-11,9.6697e-10,0.003322,0.9965,2.8933e-07,0.003497,0.012111,0.98789,0.10489,0.24622,0.24963,0.0034374,8.2002e-06,0.24734,0.42911
0.49121,0.16207,7.0972e-06,0.032853,7.7534e-07,2.3937e-10,3.6079e-12,3.7783e-09,2.8804e-06,0.00028828,3.2234e-10,0.0013854,4.5846e-13,3.4218e-07,2.1295e-11,1.5996e-10,0.47752,0.00095914,2.1294e-07,0.15366,6.4828e-06,1.5391e-06,2.1151e-06,0.15614,1.933e-11,0.00018888,1.6734e-10,7.0269e-10,0.014907,0.99745,1.5436e-06,0.0025531,0.048245,0.95175,0.20188,0.68755,0.69019,0.0025434,9.7208e-06,0.6888,0.31698
0.22578,0.36469,6.9775e-07,0.015641,7.2326e-08,6.7032e-11,3.1666e-13,2.7579e-10,3.7182e-07,0.00014378,1.0053e-10,0.00019933,3.3922e-14,2.9683e-08,1.5791e-12,2.6039e-11,0.51604,0.00014066,7.6868e-08,0.04515,1.1688e-06,5.9187e-07,2.2881e-07,0.04636,2.0651e-12,3.7785e-05,2.6961e-11,5.2552e-11,0.011595,0.99962,5.922e-07,0.00038034,0.02742,0.97258,0.22416,0.908,0.90849,0.00037935,1.5002e-06,0.90829,0.41045
0.3385,0.49387,3.6633e-08,0.020563,6.6104e-09,9.5905e-11,9.8739e-14,3.9984e-11,2.2765e-08,0.00020992,1.3106e-10,3.4444e-05,8.1649e-15,2.9926e-09,2.8218e-13,1.8014e-11,0.44871,3.4698e-05,1.013e-07,0.0074422,5.4172e-07,8.0019e-07,5.3888e-08,0.007705,8.3575e-13,2.0781e-05,1.8963e-11,8.2435e-12,0.021407,0.99991,8.0024e-07,9.0587e-05,0.042202,0.9578,0.24542,0.98457,0.98485,9.0629e-05,6.0552e-07,0.98482,0.50144
0.2889,0.70012,5.1537e-09,0.0070597,9.4262e-10,3.5206e-11,1.4447e-14,4.7925e-12,4.2759e-09,0.00010193,5.7344e-11,5.9532e-06,1.0912e-15,3.9745e-10,3.7515e-14,4.3878e-12,0.27588,6.076e-06,4.4346e-08,0.0020787,1.2316e-07,3.5231e-07,8.0084e-09,0.0021816,1.4602e-13,4.6063e-06,4.5416e-12,1.0359e-12,0.012563,0.99998,3.5231e-07,1.6778e-05,0.01973,0.98027,0.23297,0.99563,0.99574,1.6813e-05,1.3262e-07,0.99573,0.70225
0.34559,3.2131e-09,0.23766,1.1507e-09,0.20775,5.0211e-15,8.4879e-11,7.0079e-05,0.52863,1.3473e-10,3.868e-15,0.0096898,1.5138e-10,0.015689,4.0468e-08,1.2196e-12,3.2111e-09,0.00024389,6.922e-13,0.00011156,7.9203e-08,3.2487e-12,2.3341e-05,0.0001227,3.0317e-11,2.4908e-07,1.1178e-12,2.8286e-06,1.6334e-09,0.00023427,7.2948e-05,0.99969,3.312e-07,1,0.11785,2.5855e-07,0.0099574,0.23347,0.22354,0.016029,0.38336
0.47244,2.1608e-08,0.31056,1.5168e-08,0.29375,5.7156e-14,3.9964e-10,0.00017903,0.30934,1.4923e-09,4.3369e-14,0.054473,5.5634e-10,0.029219,1.2184e-07,1.0218e-11,2.1326e-08,0.0013976,8.716e-12,0.00045956,5.6142e-07,4.0104e-11,0.00011375,0.00049571,1.8254e-10,2.0534e-06,1.0224e-11,7.8165e-06,1.4904e-08,0.00095534,0.00018696,0.99886,2.6465e-06,1,0.14981,2.1276e-06,0.055987,0.37914,0.32327,0.030919,0.31073
0.35922,2.607e-07,0.54685,1.1943e-07,0.097866,1.8551e-13,3.1102e-10,6.0919e-05,0.24155,9.1388e-09,1.6225e-13,0.094532,3.3383e-10,0.010826,6.1391e-08,1.8636e-11,2.5573e-07,0.0026396,3.86e-11,0.0026839,1.1766e-06,1.9104e-10,0.00010693,0.0028663,1.8578e-10,5.4773e-06,1.816e-11,3.5869e-06,1.2066e-07,0.005551,6.4568e-05,0.99438,6.9035e-06,0.99999,0.095819,6.2347e-06,0.097286,0.20604,0.10886,0.013645,0.39715
0.57069,2.6958e-06,0.37324,2.429e-06,0.085661,4.1186e-12,2.2525e-09,0.00016602,0.10739,1.6726e-07,3.6719e-12,0.37163,1.867e-09,0.017392,2.5474e-07,2.6927e-10,2.6353e-06,0.017254,8.3504e-10,0.012868,1.1928e-05,3.9942e-09,0.00060441,0.013705,1.7412e-09,6.2444e-05,2.7321e-10,1.2481e-05,1.7568e-06,0.026583,0.00017877,0.97324,7.8731e-05,0.99992,0.12559,7.1968e-05,0.38957,0.49278,0.10385,0.035513,0.25439
0.54231,2.9741e-05,0.3434,1.7465e-05,0.028158,1.1838e-11,1.6121e-09,6.0479e-05,0.07384,8.967e-07,1.2109e-11,0.37438,1.052e-09,0.0073083,1.2647e-07,4.3137e-10,2.9443e-05,0.026622,3.2134e-09,0.070775,2.1703e-05,1.6523e-08,0.00051934,0.074675,1.5955e-09,0.00014374,4.2674e-10,5.8285e-06,1.2681e-05,0.14554,6.6453e-05,0.85439,0.00019651,0.9998,0.10826,0.00023308,0.40178,0.43721,0.036073,0.034772,0.28196
0.5188,8.7364e-05,0.10023,0.00014824,0.012027,5.1663e-11,2.2429e-09,5.0152e-05,0.01877,4.3215e-06,5.2154e-11,0.51405,1.114e-09,0.0041423,1.0946e-07,1.2219e-09,9.8187e-05,0.064263,1.5093e-08,0.13898,5.2245e-05,7.8294e-08,0.00083185,0.14573,2.9139e-09,0.00047772,1.2634e-09,4.8413e-06,5.1482e-05,0.2851,5.5185e-05,0.71484,0.00073411,0.99927,0.12107,0.00086301,0.58006,0.59589,0.017108,0.070211,0.20283
0.43512,0.00031738,0.035949,0.00041556,0.0018494,3.0174e-11,3.3784e-10,5.7202e-06,0.0052374,6.0797e-06,3.3369e-11,0.19003,1.329e-10,0.00063454,1.2622e-08,3.9554e-10,0.00051145,0.031304,1.2753e-08,0.36127,2.2952e-05,7.3904e-08,0.00020042,0.37183,5.5999e-10,0.0003042,4.0734e-10,5.8414e-07,0.00011008,0.73446,6.3913e-06,0.26553,0.00085896,0.99914,0.079838,0.0016587,0.22322,0.22435,0.0027136,0.033833,0.38767
0.30874,0.00079495,0.005771,0.0026753,0.00047743,1.1428e-10,3.4256e-10,2.7838e-06,0.00082488,2.5586e-05,1.2317e-10,0.11753,1.0166e-10,0.00020453,7.4769e-09,8.8694e-10,0.0023929,0.042265,5.048e-08,0.39539,3.8781e-05,2.9679e-07,0.00019542,0.43024,7.548e-10,0.00075371,9.3042e-10,3.1233e-07,0.00041283,0.83193,3.4009e-06,0.16807,0.0039066,0.99609,0.074771,0.0070297,0.16709,0.16147,0.00091927,0.049763,0.41711
0.16189,0.0018539,0.00080794,0.003311,3.6115e-05,3.5946e-11,2.7174e-11,1.5253e-07,0.00010364,1.8282e-05,4.1594e-11,0.018384,6.5137e-12,1.4911e-05,4.5479e-10,1.4725e-10,0.01029,0.0074771,2.1819e-08,0.4709,8.091e-06,1.4271e-07,2.0555e-05,0.48607,7.5166e-11,0.00020607,1.542e-10,1.9066e-08,0.00049647,0.97294,3.148e-07,0.027059,0.00404,0.99596,0.063452,0.016157,0.042066,0.026148,7.9844e-05,0.023697,0.48082
0.34657,0.012609,0.00023835,0.033289,3.1508e-05,8.0793e-10,1.5483e-10,2.7153e-07,5.4537e-05,0.00027824,9.3127e-10,0.022201,2.9069e-11,1.593e-05,1.3968e-09,1.8212e-09,0.064868,0.016104,4.2199e-07,0.40363,5.437e-05,2.6237e-06,5.9918e-05,0.43932,5.5291e-10,0.0013566,1.9179e-09,4.5048e-08,0.005886,0.95988,2.9418e-06,0.040116,0.040867,0.95913,0.10634,0.11801,0.15671,0.039824,0.00016205,0.13452,0.43429
0.51665,0.050676,4.7294e-05,0.041394,5.4384e-06,5.123e-10,2.6727e-11,3.4874e-08,1.4096e-05,0.00033549,6.349e-10,0.006203,4.1147e-12,2.5767e-06,1.9248e-10,6.1875e-10,0.23596,0.004316,3.4961e-07,0.31985,2.1649e-05,2.352e-06,1.2517e-05,0.32932,1.1721e-10,0.00058139,6.5039e-10,6.2376e-09,0.011263,0.98879,2.3934e-06,0.011204,0.053598,0.9464,0.14919,0.33987,0.35076,0.011143,4.2225e-05,0.34457,0.3753
0.52246,0.11728,6.4808e-06,0.13418,1.8731e-06,3.3847e-09,4.2668e-11,2.1605e-08,3.1241e-06,0.0016016,4.0836e-09,0.0032157,5.1366e-12,1.0031e-06,1.7145e-10,2.1557e-09,0.46437,0.0033341,1.9906e-06,0.11092,4.2672e-05,1.2945e-05,1.174e-05,0.11662,2.4191e-10,0.0011556,2.2814e-09,4.5224e-09,0.047242,0.99221,1.2971e-05,0.0077723,0.18424,0.81576,0.30593,0.76423,0.77244,0.0077647,5.7326e-05,0.76924,0.23107
0.38357,0.25166,5.0734e-07,0.060418,1.1011e-07,5.7117e-10,1.928e-12,8.9199e-10,2.6845e-07,0.00062417,7.2099e-10,0.00034904,1.8942e-13,5.4094e-08,6.475e-12,1.9127e-10,0.58503,0.00035361,4.6053e-07,0.032286,4.9053e-06,3.3489e-06,7.9933e-07,0.033456,1.349e-11,0.00016311,2.0246e-10,1.834e-10,0.035656,0.99912,3.35e-06,0.00087241,0.09687,0.90313,0.27321,0.93292,0.93425,0.00087209,5.8716e-06,0.93391,0.28453
0.39316,0.32047,3.7905e-08,0.096069,1.5096e-08,1.3888e-09,9.9066e-13,2.0051e-10,2.4774e-08,0.001477,1.6571e-09,8.4899e-05,7.5365e-14,8.2003e-09,1.8841e-12,2.2502e-10,0.46801,0.00012372,1.0081e-06,0.0067255,3.5527e-06,7.5904e-06,2.8595e-07,0.0070072,9.0853e-12,0.00013668,2.3957e-10,4.5496e-11,0.099877,0.99964,7.5906e-06,0.00034922,0.19757,0.80243,0.34044,0.98457,0.98626,0.00035017,3.8657e-06,0.98618,0.32734
0.32224,0.56389,4.5744e-09,0.033304,1.5958e-09,3.8426e-10,9.3906e-14,1.6215e-11,3.6779e-09,0.0006549,5.0272e-10,1.2632e-05,6.1756e-15,7.9623e-10,1.5424e-13,3.6406e-11,0.33651,1.8e-05,3.4586e-07,0.002027,6.2403e-07,2.7064e-06,3.1483e-08,0.0021275,1.0133e-12,2.4462e-05,3.8536e-11,3.7462e-12,0.061431,0.99994,2.7064e-06,5.576e-05,0.095418,0.90458,0.27682,0.99516,0.99584,5.6098e-05,6.5889e-07,0.99583,0.56596
0.52128,2.8493e-09,0.12056,2.622e-09,0.54656,3.6828e-14,9.2455e-10,0.00054439,0.24052,4.0482e-10,2.5038e-14,0.02095,1.6812e-09,0.069789,3.8421e-07,1.0799e-11,2.8526e-09,0.00071917,3.6482e-12,8.7387e-05,3.9625e-07,1.5089e-11,0.00013575,9.7476e-05,3.2177e-10,1.0156e-06,1.071e-11,2.3093e-05,2.9726e-09,0.00018488,0.00056787,0.99925,1.4179e-06,1,0.22533,1.0299e-06,0.021806,0.6387,0.61706,0.071213,0.18134
0.42442,1.4896e-08,0.11172,2.8788e-08,0.56175,3.7217e-13,3.722e-09,0.0011892,0.11424,3.7445e-09,2.5749e-13,0.095425,5.1849e-09,0.11082,9.7347e-07,8.0373e-11,1.4724e-08,0.0036225,3.8781e-11,0.00027949,2.3381e-06,1.5697e-10,0.00059155,0.00030517,1.6533e-09,7.1659e-06,8.3476e-11,5.3353e-05,2.1826e-08,0.00058474,0.0012435,0.99817,9.5588e-06,0.99999,0.24724,7.2569e-06,0.099648,0.7734,0.6744,0.11628,0.11511
0.53702,2.1582e-07,0.27177,2.985e-07,0.27007,1.249e-12,2.9548e-09,0.00048559,0.14056,2.6922e-08,9.7531e-13,0.25482,3.1495e-09,0.047503,5.1025e-07,1.5083e-10,2.1111e-07,0.009558,1.8778e-10,0.0021684,5.7609e-06,8.3396e-10,0.00067495,0.0023274,1.7471e-09,2.3838e-05,1.5588e-10,2.7134e-05,2.1127e-07,0.0044968,0.00051324,0.99499,3.0137e-05,0.99997,0.17012,2.4783e-05,0.26509,0.58315,0.31877,0.058279,0.2096
0.47715,1.1414e-06,0.12027,3.5165e-06,0.13063,1.4602e-11,1.1231e-08,0.00070841,0.042238,2.6892e-07,1.1916e-11,0.61193,9.0482e-09,0.040352,1.0933e-06,1.1884e-09,1.1121e-06,0.039854,2.1866e-09,0.0056026,3.1236e-05,9.3976e-09,0.0022071,0.0059666,8.6609e-09,0.00015469,1.2459e-09,4.9015e-05,1.6273e-06,0.011577,0.00075855,0.98766,0.00019135,0.99981,0.17144,0.00016212,0.65418,0.82587,0.17398,0.083364,0.090004
0.38345,1.0668e-05,0.12749,2.4113e-05,0.039121,3.1137e-11,5.499e-09,0.00019091,0.029755,1.191e-06,2.8332e-11,0.67387,3.4636e-09,0.012561,3.684e-07,1.35e-09,1.0698e-05,0.056565,6.4643e-09,0.028507,4.4698e-05,3.0423e-08,0.0014296,0.030089,5.5501e-09,0.00029725,1.4058e-09,1.6149e-05,9.9522e-06,0.058653,0.00020747,0.94114,0.00037725,0.99962,0.14762,0.0003527,0.73227,0.78408,0.053364,0.071161,0.10957
0.33674,2.844e-05,0.030793,0.00020014,0.012934,1.4905e-10,8.0594e-09,0.0001409,0.0063271,6.0522e-06,1.3898e-10,0.70106,3.7692e-09,0.0059178,3.1922e-07,4.2625e-09,3.402e-05,0.14778,3.3187e-08,0.044212,0.00010826,1.5573e-07,0.0023332,0.046997,1.0779e-08,0.001067,4.4757e-09,1.2829e-05,4.0435e-05,0.091518,0.00015422,0.90833,0.0014221,0.99858,0.14766,0.0013701,0.85267,0.87135,0.021447,0.15767,0.06668
0.71879,0.00023102,0.021407,0.0011681,0.003818,2.1745e-10,2.7074e-09,3.1246e-05,0.0036991,2.0468e-05,2.1856e-10,0.4295,1.0047e-09,0.0017042,7.8396e-08,3.2261e-09,0.00038723,0.12625,6.8231e-08,0.19659,0.0001076,3.5779e-07,0.0010829,0.21231,4.6805e-09,0.0014892,3.3861e-09,3.2054e-06,0.000206,0.41091,3.4891e-05,0.58905,0.0029919,0.99701,0.11396,0.0034816,0.56044,0.56398,0.0067472,0.13268,0.21835
0.80027,0.00083802,0.0043412,0.0094288,0.0013847,1.8483e-09,5.8481e-09,2.3492e-05,0.00087361,0.00015329,1.8763e-09,0.28966,1.6392e-09,0.00079302,9.1205e-08,1.5914e-08,0.0019876,0.2153,5.6059e-07,0.21985,0.00033819,2.8837e-06,0.0016589,0.246,1.3439e-08,0.0061241,1.6711e-08,3.0522e-06,0.0012423,0.4795,2.9526e-05,0.52047,0.01729,0.98271,0.11353,0.019621,0.52673,0.51528,0.0042015,0.23789,0.23806
0.42925,0.0036048,0.0012159,0.021909,0.00022885,1.4291e-09,1.0718e-09,2.7361e-06,0.00024849,0.00024409,1.5419e-09,0.090206,2.4576e-10,0.00012309,1.248e-08,6.1961e-09,0.01339,0.067867,5.6879e-07,0.37201,0.00015631,3.2293e-06,0.00035021,0.42188,3.0906e-09,0.0034107,6.5234e-09,4.0737e-07,0.0031495,0.83619,6.3865e-06,0.16381,0.028873,0.97113,0.095911,0.045464,0.20429,0.16235,0.00086163,0.11421,0.40164
0.62394,0.015563,0.00027429,0.14242,0.00014203,2.4941e-08,4.6945e-09,3.3696e-06,0.00010177,0.0025167,2.726e-08,0.075132,8.5245e-10,9.0464e-05,2.8508e-08,5.8955e-08,0.052177,0.090611,8.0845e-06,0.275,0.00073951,4.2796e-05,0.00067117,0.30565,1.7365e-08,0.014766,6.2168e-08,6.8351e-07,0.024087,0.81742,4.6883e-05,0.18253,0.18458,0.81542,0.23322,0.24901,0.41868,0.18216,0.0016474,0.3437,0.30678
0.67748,0.048118,5.2854e-05,0.18128,2.0366e-05,1.2182e-08,5.9141e-10,3.3793e-07,2.2688e-05,0.0025571,1.4059e-08,0.019115,8.7787e-11,1.1899e-05,2.8834e-09,1.4911e-08,0.20374,0.020914,5.2354e-06,0.22909,0.00022826,3.0531e-05,0.00011018,0.248,2.7025e-09,0.0051804,1.5756e-08,7.1119e-08,0.041518,0.95431,3.0944e-05,0.045655,0.2308,0.7692,0.29481,0.47984,0.52276,0.045585,0.00037118,0.5037,0.28683
0.54693,0.063697,4.8622e-06,0.40709,3.8916e-06,4.5122e-08,5.074e-10,1.1249e-07,2.9367e-06,0.0074448,5.1037e-08,0.005838,5.8612e-11,2.5402e-06,1.3679e-09,2.871e-08,0.26033,0.0092886,1.6842e-05,0.060252,0.00024909,9.6913e-05,5.6472e-05,0.064595,3.0222e-09,0.006082,3.0428e-08,2.7469e-08,0.11495,0.97837,9.7055e-05,0.021528,0.53593,0.46407,0.55951,0.85215,0.87502,0.021538,0.00031229,0.8693,0.12624
0.46685,0.14211,4.5117e-07,0.23273,2.4447e-07,8.0231e-09,2.1705e-11,4.6931e-09,2.7437e-07,0.0035863,9.2575e-09,0.00074505,2.0137e-12,1.4537e-07,4.9002e-11,2.534e-09,0.44954,0.001124,4.257e-06,0.022558,3.0622e-05,2.8392e-05,4.1043e-06,0.023715,1.6223e-10,0.00096855,2.6945e-09,1.095e-09,0.12286,0.9971,2.8397e-05,0.0028734,0.3602,0.6398,0.447,0.9482,0.95369,0.0028769,3.5145e-05,0.95298,0.16526
0.44831,0.12789,2.7056e-08,0.28453,2.4978e-08,1.5777e-08,8.3175e-12,7.7815e-10,1.9212e-08,0.0079259,1.7503e-08,0.00014094,5.9092e-13,1.6389e-08,1.0497e-11,2.3411e-09,0.26091,0.00030466,7.6611e-06,0.0039881,1.7387e-05,5.6015e-05,1.1188e-06,0.004189,8.2831e-11,0.00067169,2.4894e-09,2.0003e-10,0.30936,0.99881,5.6016e-05,0.0011359,0.60257,0.39743,0.58742,0.98337,0.99176,0.0011435,1.8587e-05,0.99168,0.13201
0.53498,0.30602,4.996e-09,0.1334,3.7373e-09,6.2181e-09,1.0121e-12,8.3827e-11,4.1949e-09,0.0049961,7.243e-09,3.1168e-05,6.1086e-14,2.2316e-09,1.0891e-12,4.9999e-10,0.28447,6.3466e-05,3.7854e-06,0.0019177,4.3128e-06,2.8714e-05,1.7102e-07,0.0020341,1.1875e-11,0.00016395,5.3266e-10,2.1521e-11,0.26687,0.99971,2.8714e-05,0.00026308,0.40546,0.59454,0.45529,0.99092,0.99602,0.00026686,4.5044e-06,0.99602,0.30801
0.38716,1.3593e-09,0.033553,3.195e-09,0.67936,1.7505e-13,6.1522e-09,0.0025565,0.059439,6.8058e-10,1.0861e-13,0.0227,1.1325e-08,0.20061,2.183e-06,6.0208e-11,1.364e-09,0.0011307,1.1306e-11,3.5593e-05,1.0917e-06,4.063e-11,0.00045617,4.019e-05,2.0626e-09,2.2448e-06,6.1789e-11,0.00010944,2.9409e-09,7.5795e-05,0.0026681,0.99726,3.3435e-06,1,0.29178,2.2733e-06,0.02429,0.90682,0.8831,0.20487,0.049657
0.41131,6.2914e-09,0.026757,3.3599e-08,0.55062,1.6533e-12,2.4602e-08,0.0057852,0.028014,5.9783e-09,1.0796e-12,0.090974,3.4112e-08,0.28912,5.5318e-06,4.4461e-10,6.234e-09,0.0060097,1.1495e-10,0.00010366,6.3304e-06,4.0298e-10,0.002218,0.00011441,1.0478e-08,1.6012e-05,4.6663e-10,0.00025493,1.978e-08,0.00021816,0.0060457,0.99374,2.2403e-05,0.99998,0.28413,1.6148e-05,0.099224,0.94475,0.84801,0.30341,0.035756
0.53215,1.0548e-07,0.078594,4.4274e-07,0.37059,5.8864e-12,2.0495e-08,0.0025368,0.047945,5.0699e-08,4.3086e-12,0.34052,2.1447e-08,0.13325,3.0255e-06,8.9815e-10,1.0306e-07,0.021319,6.2159e-10,0.00099142,1.8182e-05,2.4289e-09,0.0029528,0.0010712,1.1827e-08,6.6108e-05,9.4434e-10,0.00013946,2.2546e-07,0.0020635,0.0026794,0.99526,8.5013e-05,0.99991,0.2278,6.704e-05,0.36488,0.87125,0.50949,0.16028,0.069932
0.34541,4.4814e-07,0.031134,4.5766e-06,0.14124,5.7703e-11,6.6593e-08,0.003093,0.013913,4.3905e-07,4.5422e-11,0.6246,5.1458e-08,0.086097,5.4354e-06,6.1593e-09,4.3492e-07,0.085752,6.2773e-09,0.0020768,8.6786e-05,2.3631e-08,0.0091712,0.0022195,5.0533e-08,0.00039492,6.4658e-09,0.00021082,1.4537e-06,0.0043037,0.0033094,0.99239,0.00048822,0.99951,0.18972,0.00040202,0.72001,0.95043,0.23991,0.18481,0.03715
0.30246,3.0371e-06,0.030893,2.6597e-05,0.038789,8.0693e-11,1.9853e-08,0.00055814,0.0085831,1.4286e-06,6.9387e-11,0.76418,1.1837e-08,0.018961,1.1116e-06,4.4756e-09,3.0739e-06,0.11632,1.2682e-08,0.0081869,8.5765e-05,5.3333e-08,0.004138,0.0086331,2.0191e-08,0.00058446,4.7001e-09,4.3997e-05,6.6078e-06,0.016861,0.00060333,0.98254,0.00070493,0.9993,0.16281,0.00062384,0.88535,0.94362,0.062578,0.14073,0.032892
0.33606,8.0425e-06,0.0070444,0.00021903,0.010995,4.6555e-10,3.3611e-08,0.00038842,0.0017231,8.2153e-06,4.2349e-10,0.61227,1.4538e-08,0.00769,1.0437e-06,1.7024e-08,9.7058e-06,0.32701,7.8514e-08,0.010867,0.00024282,3.2243e-07,0.007457,0.011492,4.5902e-08,0.0025121,1.7702e-08,3.5966e-05,2.8973e-05,0.022633,0.0004258,0.97694,0.0030115,0.99699,0.14901,0.0027779,0.94976,0.96856,0.02681,0.34561,0.023453
0.42294,9.4009e-05,0.0069927,0.0018206,0.0043743,1.0595e-09,1.5445e-08,0.00010514,0.0014433,4.2073e-05,1.0176e-09,0.5061,5.3256e-09,0.0026917,3.3566e-07,1.8697e-08,0.00015655,0.34021,2.4381e-07,0.060609,0.00033325,1.128e-06,0.0039888,0.065949,2.7724e-08,0.0048462,1.9536e-08,1.1536e-05,0.00022264,0.12889,0.00011816,0.87099,0.0072661,0.99273,0.13742,0.00714,0.85782,0.86266,0.011505,0.35453,0.071697
0.39487,0.00037098,0.0014574,0.014362,0.0016466,1.2891e-08,4.4661e-08,8.2996e-05,0.00038694,0.00038334,1.2702e-08,0.29797,1.1648e-08,0.0012618,4.87e-07,1.2777e-07,0.00072736,0.51417,2.7103e-06,0.064378,0.0013337,1.2016e-05,0.0063838,0.070423,1.0719e-07,0.023106,1.3288e-07,1.2792e-05,0.0015232,0.15217,0.00010835,0.84772,0.040723,0.95928,0.14532,0.04009,0.86034,0.84596,0.010723,0.56374,0.075181
0.74128,0.0034282,0.00089107,0.06496,0.00064664,2.7173e-08,2.0742e-08,2.2062e-05,0.00027903,0.001453,2.8042e-08,0.19715,4.5382e-09,0.00044906,1.6405e-07,1.2778e-07,0.0084515,0.27715,6.9658e-06,0.19228,0.0014176,3.3823e-05,0.002719,0.21376,6.2225e-08,0.026132,1.3414e-07,4.0417e-06,0.0087714,0.49311,6.0116e-05,0.50683,0.10278,0.89722,0.17427,0.11174,0.59163,0.50569,0.005259,0.395,0.2098
0.77091,0.0090406,0.00014983,0.27916,0.00025072,2.9304e-07,5.3971e-08,1.6063e-05,7.7605e-05,0.0092432,3.0697e-07,0.10735,9.3631e-09,0.00019932,2.1918e-07,7.374e-07,0.020743,0.21897,6.0605e-05,0.11283,0.0040317,0.00027551,0.0030197,0.12341,2.0865e-07,0.07029,7.7484e-07,3.9402e-06,0.040886,0.59537,0.0002958,0.40433,0.40395,0.59605,0.40681,0.42012,0.76273,0.40418,0.007524,0.65593,0.13048
0.68294,0.028139,3.5805e-05,0.44414,4.2143e-05,1.6615e-07,7.6436e-09,1.8269e-06,2.092e-05,0.010903,1.8222e-07,0.03223,1.0944e-09,3.0282e-05,2.4908e-08,2.103e-07,0.091335,0.055948,4.461e-05,0.10768,0.001367,0.00022478,0.00054072,0.1175,3.6398e-08,0.026772,2.2209e-07,4.5873e-07,0.083052,0.88279,0.0002271,0.11699,0.5665,0.4335,0.55702,0.67344,0.77442,0.11698,0.0019833,0.7425,0.14143
0.31343,0.01919,1.8818e-06,0.67017,3.7959e-06,2.9148e-07,2.8546e-09,2.7504e-07,1.3117e-06,0.019056,3.1398e-07,0.0052572,3.1264e-10,3.0219e-06,5.1096e-09,1.865e-07,0.070191,0.013285,7.1352e-05,0.01822,0.00073096,0.0003756,0.00013371,0.019663,1.8079e-08,0.018279,1.9677e-07,7.8293e-08,0.14536,0.96193,0.00037596,0.037696,0.85405,0.14595,0.79226,0.9232,0.96166,0.037765,0.00087286,0.95685,0.038491
0.3686,0.045598,2.1282e-07,0.50835,2.7879e-07,6.1712e-08,1.3548e-10,1.3056e-08,1.4427e-07,0.012485,6.7333e-08,0.00082236,1.1856e-11,2.0129e-07,2.0313e-10,1.8837e-08,0.16797,0.0019138,2.1673e-05,0.0086639,0.0001039,0.0001374,1.1214e-05,0.0091847,1.0865e-09,0.0034065,1.9951e-08,3.5067e-09,0.24134,0.9936,0.00013742,0.0062585,0.76584,0.23416,0.71777,0.96666,0.98199,0.0062799,0.00011578,0.98133,0.054614
0.29389,0.02643,8.252e-09,0.40965,1.7116e-08,8.192e-08,3.0785e-11,1.2838e-09,6.1073e-09,0.024785,8.711e-08,0.00010174,2.0181e-12,1.3634e-08,2.5337e-11,1.1148e-08,0.065608,0.00033966,2.7426e-05,0.0010933,3.9303e-05,0.00021468,1.9312e-06,0.0011543,3.3722e-10,0.0017183,1.1726e-08,3.7717e-10,0.46884,0.99758,0.00021468,0.002201,0.90527,0.094729,0.77207,0.97224,0.99751,0.0022285,4.1458e-05,0.99765,0.027677
0.35884,0.083126,2.2683e-09,0.23919,3.6478e-09,4.5673e-08,4.9821e-12,1.8867e-10,1.9635e-09,0.019398,4.986e-08,3.1943e-05,2.7783e-13,2.6221e-09,3.5054e-12,3.2094e-09,0.10439,9.5141e-05,1.882e-05,0.00078806,1.3102e-05,0.00014786,4.0053e-07,0.00084349,6.4382e-11,0.00050912,3.4029e-09,5.4719e-11,0.55144,0.9992,0.00014786,0.00064972,0.81072,0.18928,0.68576,0.97866,0.9982,0.00066858,1.3611e-05,0.99834,0.084026
0.36232,5.4861e-10,0.0080127,3.2508e-09,0.49115,7.4951e-13,3.8432e-08,0.012225,0.012522,9.8024e-10,4.3414e-13,0.017206,7.1557e-08,0.45537,1.1986e-05,3.0951e-10,5.5184e-10,0.0014932,3.0962e-11,1.2061e-05,2.6309e-06,9.5688e-11,0.0014682,1.377e-05,1.2209e-08,4.2519e-06,3.2195e-10,0.00050322,2.4558e-09,2.5851e-05,0.01274,0.98723,6.8903e-06,0.99999,0.29676,4.3816e-06,0.020174,0.97892,0.96074,0.47107,0.024483
0.35728,2.7629e-09,0.006334,3.8168e-08,0.34139,8.2956e-12,1.9293e-07,0.029612,0.0067262,1.0074e-08,5.2388e-12,0.059606,2.6581e-07,0.53692,3.7125e-05,2.8363e-09,2.75e-09,0.0088808,3.7788e-10,3.7174e-05,1.8957e-05,1.128e-09,0.0089708,4.1709e-05,7.7605e-08,3.6811e-05,2.9689e-09,0.0013876,1.8601e-08,7.9038e-05,0.031037,0.96888,5.5842e-05,0.99994,0.28129,3.7415e-05,0.077514,0.98544,0.91834,0.58583,0.046559
0.48868,4.6433e-08,0.019914,5.6404e-07,0.32446,2.8565e-11,1.5425e-07,0.012771,0.014203,9.0217e-08,2.0339e-11,0.28136,1.5745e-07,0.29284,1.9099e-05,5.6814e-09,4.543e-08,0.039474,2.0762e-09,0.00038286,5.7062e-05,6.9781e-09,0.0132,0.00041834,8.5726e-08,0.00017215,5.9572e-09,0.00072889,2.2002e-07,0.00080227,0.013519,0.98568,0.00023011,0.99977,0.2473,0.00017344,0.33427,0.96433,0.64407,0.35924,0.044168
0.48156,2.2724e-07,0.0089748,6.5018e-06,0.13139,3.5474e-10,6.3545e-07,0.016029,0.0051104,9.6608e-07,2.7866e-10,0.4481,4.6898e-07,0.16848,4.0973e-05,5.0478e-08,2.2e-07,0.16816,2.708e-08,0.00086387,0.00035593,8.6104e-08,0.049001,0.00093755,4.6975e-07,0.001282,5.2377e-08,0.0012594,1.6916e-06,0.0018116,0.017331,0.98086,0.0016473,0.99835,0.19683,0.0012923,0.66692,0.9828,0.36656,0.40458,0.074255
0.39762,1.2017e-06,0.0080756,3.4761e-05,0.038869,3.6563e-10,1.3298e-07,0.0023413,0.0029323,2.5961e-06,3.1194e-10,0.62289,7.4235e-08,0.034789,5.9173e-06,2.6992e-08,1.1953e-06,0.26266,4.253e-08,0.0027677,0.00027979,1.5361e-07,0.019476,0.0029237,1.3482e-07,0.0017427,2.8007e-08,0.00019528,6.298e-06,0.0057377,0.0025428,0.99172,0.0020664,0.99793,0.1614,0.0017866,0.9071,0.98305,0.095956,0.32153,0.030366
0.34472,2.7926e-06,0.0015611,0.00022438,0.009014,2.278e-09,2.2902e-07,0.0012775,0.00051084,1.4431e-05,2.0893e-09,0.35975,9.1134e-08,0.010297,5.2082e-06,1.0891e-07,3.0639e-06,0.57227,2.8141e-07,0.002771,0.00085475,9.5833e-07,0.030997,0.0029157,3.1671e-07,0.0073693,1.1142e-07,0.00014051,2.5348e-05,0.0059576,0.0014245,0.99262,0.0084897,0.99151,0.1401,0.0076258,0.97151,0.99182,0.052587,0.62348,0.036301
0.29861,2.5322e-05,0.0014163,0.001724,0.0031611,4.0325e-09,7.2811e-08,0.00025026,0.00036515,6.0984e-05,3.8415e-09,0.3244,2.2965e-08,0.0028243,1.1436e-06,8.8343e-08,3.8223e-05,0.61563,6.8143e-07,0.012125,0.00086155,2.683e-06,0.011747,0.012936,1.3528e-07,0.012228,9.0897e-08,3.1481e-05,0.00016036,0.027071,0.00028566,0.97264,0.015038,0.98496,0.13695,0.014176,0.96689,0.97111,0.018878,0.64559,0.025478
0.34624,9.7264e-05,0.0002922,0.012193,0.0011305,5.6172e-08,2.2237e-07,0.00017596,0.00010132,0.0005746,5.5056e-08,0.16819,5.2834e-08,0.0011666,1.6514e-06,6.6695e-07,0.00015306,0.71002,8.4144e-06,0.012225,0.0037162,3.1243e-05,0.01626,0.013056,5.5951e-07,0.059497,6.8352e-07,3.3339e-05,0.0010749,0.039384,0.00024247,0.96037,0.077097,0.9229,0.16007,0.073018,0.97178,0.96017,0.022487,0.805,0.029427
0.60504,0.0013631,0.00029326,0.085452,0.00069826,1.8896e-07,1.4865e-07,6.7256e-05,0.00012254,0.0033931,1.8972e-07,0.17898,3.0326e-08,0.00062067,7.9285e-07,9.9327e-07,0.0025262,0.49916,3.2683e-05,0.05442,0.0052389,0.00013604,0.0086698,0.058939,4.6908e-07,0.090235,1.0329e-06,1.4959e-05,0.0096378,0.21577,0.00021923,0.78401,0.19413,0.80587,0.23886,0.18922,0.88465,0.7837,0.015314,0.70655,0.06709
0.78598,0.0028035,4.4615e-05,0.294,0.00020701,1.5685e-06,2.7726e-07,3.5515e-05,2.7677e-05,0.017572,1.5968e-06,0.079451,4.447e-08,0.00020551,7.4717e-07,4.2976e-06,0.0047993,0.28324,0.00022281,0.029025,0.011542,0.00088368,0.0069818,0.031601,1.1442e-06,0.20191,4.4692e-06,1.0371e-05,0.035426,0.41546,0.00093064,0.58361,0.56157,0.43843,0.49195,0.53895,0.93773,0.5838,0.018996,0.85964,0.040745
0.46169,0.009399,1.3205e-05,0.5954,4.0839e-05,1.0535e-06,4.4202e-08,4.5541e-06,9.1355e-06,0.024916,1.1073e-06,0.028042,5.9672e-09,3.6076e-05,9.5625e-08,1.3868e-06,0.022378,0.079365,0.00018727,0.031568,0.0041524,0.00083904,0.0013254,0.034435,2.2365e-07,0.081266,1.4558e-06,1.3451e-06,0.086618,0.8049,0.00084509,0.19425,0.79338,0.20662,0.72272,0.79506,0.93286,0.19442,0.0055659,0.90589,0.04426
0.27308,0.0049483,5.806e-07,0.72058,2.819e-06,1.5389e-06,1.2386e-08,5.1639e-07,4.4197e-07,0.044549,1.6045e-06,0.0038135,1.2493e-09,2.7531e-06,1.4439e-08,9.8959e-07,0.012882,0.015441,0.00026353,0.0047312,0.0019244,0.0013264,0.00026316,0.0051318,8.536e-08,0.053516,1.0318e-06,1.7124e-07,0.13061,0.92371,0.0013271,0.074965,0.95278,0.047218,0.85844,0.92255,0.98854,0.075231,0.0021991,0.98632,0.010944
0.25613,0.0095325,6.0452e-08,0.63975,1.8506e-07,3.0209e-07,5.0926e-10,2.1453e-08,4.3808e-08,0.033646,3.1806e-07,0.00055701,4.1151e-11,1.6305e-07,4.9721e-10,8.8637e-08,0.032981,0.0020759,7.3906e-05,0.0021136,0.00023717,0.00048177,1.9293e-05,0.0022512,4.4621e-09,0.0090976,9.2762e-08,6.6532e-09,0.26718,0.98753,0.0004818,0.011987,0.95047,0.049531,0.84646,0.95854,0.99508,0.012062,0.00025764,0.99508,0.012013
0.28975,0.0053474,2.5176e-09,0.42945,1.1996e-08,5.0583e-07,1.2715e-10,2.2376e-09,1.9625e-09,0.089822,5.232e-07,7.4099e-05,7.5343e-12,1.167e-08,6.6284e-11,6.2025e-08,0.01218,0.00038651,0.00011936,0.00029673,0.00010922,0.0010618,3.6381e-06,0.00031599,1.5544e-09,0.0050809,6.4138e-08,7.632e-10,0.45576,0.99328,0.0010619,0.0056544,0.9814,0.018604,0.83234,0.90781,0.99821,0.0057744,0.00011404,0.99931,0.0062491
0.27546,0.015339,6.1788e-10,0.25622,2.1438e-09,2.3139e-07,1.5995e-11,2.6442e-10,5.4532e-10,0.061068,2.4339e-07,2.0116e-05,8.1429e-13,1.8659e-09,7.212e-12,1.4023e-08,0.022286,9.0221e-05,6.5349e-05,0.00020248,2.7097e-05,0.00059081,5.9811e-07,0.00021833,2.308e-10,0.0011263,1.4656e-08,8.7693e-11,0.64275,0.99814,0.00059081,0.0012643,0.96184,0.038156,0.7768,0.93772,0.99892,0.0013299,2.8204e-05,0.99956,0.015878
0.34622,2.7928e-10,0.0021851,3.9244e-09,0.2433,4.2188e-12,3.3066e-07,0.063787,0.0029772,1.772e-09,2.3191e-12,0.010536,6.2394e-07,0.66668,8.9791e-05,2.1308e-09,2.8176e-10,0.0019964,1.0993e-10,4.7952e-06,8.1492e-06,2.8906e-10,0.0054176,5.5655e-06,9.7918e-08,9.6424e-06,2.2221e-09,0.0029982,2.5582e-09,1.0472e-05,0.066876,0.93311,1.7805e-05,0.99998,0.2806,1.0706e-05,0.017968,0.99174,0.98229,0.7409,0.074834
0.39897,1.4291e-09,0.0016655,4.5513e-08,0.16782,5.1809e-11,1.9495e-06,0.1377,0.0017545,1.9704e-08,3.2162e-11,0.030452,2.6737e-06,0.60587,0.00030368,2.28e-08,1.4316e-09,0.011089,1.5182e-09,1.4395e-05,6.8442e-05,3.7902e-09,0.034633,1.6558e-05,7.3198e-07,9.0013e-05,2.3676e-08,0.0085076,2.0241e-08,3.1822e-05,0.14652,0.85345,0.00015859,0.99984,0.26097,9.5483e-05,0.076339,0.98773,0.95492,0.79796,0.18273
0.45594,2.2663e-08,0.0051623,6.8594e-07,0.21165,1.7305e-10,1.4839e-06,0.060442,0.0041846,1.79e-07,1.2247e-10,0.16061,1.4758e-06,0.43629,0.0001458,4.5133e-08,2.2307e-08,0.057786,8.3887e-09,0.00014559,0.00021299,2.3588e-08,0.058491,0.00016274,7.8627e-07,0.00046133,4.6845e-08,0.0042447,2.3581e-07,0.00031036,0.064835,0.93485,0.00067554,0.99932,0.24639,0.00046613,0.27757,0.98595,0.77149,0.61793,0.12808
0.5715,1.0881e-07,0.0022948,7.1131e-06,0.092003,2.3635e-09,6.5063e-06,0.062245,0.0016,1.963e-06,1.8742e-09,0.21811,4.5981e-06,0.20445,0.00030487,4.413e-07,1.0595e-07,0.20317,1.2015e-07,0.00030372,0.0014532,3.1078e-07,0.20356,0.00033944,4.6543e-06,0.0033973,4.5252e-07,0.0067373,1.8044e-06,0.00065994,0.069299,0.93004,0.0048627,0.99514,0.19485,0.0034231,0.62972,0.9884,0.57077,0.68503,0.27498
0.45466,6.1098e-07,0.0022454,4.3818e-05,0.035953,2.644e-09,1.4279e-06,0.010522,0.0011036,6.1167e-06,2.2848e-09,0.3595,7.4808e-07,0.055914,4.6205e-05,2.5806e-07,5.9183e-07,0.42206,2.1476e-07,0.0010267,0.0013498,6.3324e-07,0.10204,0.0011066,1.4313e-06,0.0059314,2.6402e-07,0.0011371,7.5408e-06,0.0021941,0.011708,0.9861,0.0073401,0.99266,0.15776,0.0059881,0.89094,0.99327,0.20697,0.59902,0.11647
0.35766,1.24e-06,0.00037823,0.00021062,0.0075502,1.717e-08,2.3885e-06,0.0043913,0.00017736,3.1059e-05,1.5979e-08,0.17221,8.8132e-07,0.012837,3.6326e-05,1.0561e-06,1.2293e-06,0.6403,1.4491e-06,0.00081804,0.0042072,3.8656e-06,0.13296,0.00088096,3.3174e-06,0.022273,1.0696e-06,0.00068947,2.6516e-05,0.0019766,0.0051242,0.9929,0.026756,0.97324,0.14426,0.022522,0.97224,0.99674,0.16268,0.81794,0.1392
0.28875,7.4927e-06,0.0002722,0.0013323,0.0022066,2.0288e-08,4.7058e-07,0.00062559,9.7496e-05,9.728e-05,1.9531e-08,0.15494,1.3515e-07,0.0028504,5.0163e-06,5.6233e-07,9.0625e-06,0.7585,2.453e-06,0.0024606,0.003037,7.7545e-06,0.038005,0.0026036,8.9949e-07,0.032715,5.7072e-07,0.00010248,0.00012051,0.0066353,0.00074144,0.99262,0.037314,0.96269,0.13987,0.034187,0.98877,0.99288,0.046835,0.83741,0.041467
0.32704,2.6652e-05,5.9221e-05,0.008144,0.00076904,2.8579e-07,1.3438e-06,0.00038024,2.7684e-05,0.00087836,2.8242e-07,0.084946,2.8704e-07,0.0010562,6.4728e-06,4.1817e-06,3.2182e-05,0.68218,3.0634e-05,0.0024709,0.013257,8.9875e-05,0.043571,0.0026525,3.5426e-06,0.15857,4.2364e-06,9.557e-05,0.00074228,0.01499,0.00057378,0.98444,0.18172,0.81828,0.20354,0.16753,0.99236,0.98477,0.059149,0.90906,0.046754
0.533,0.0003356,6.226e-05,0.065167,0.00044896,8.0411e-07,6.6665e-07,0.00012426,3.2149e-05,0.0049454,8.0192e-07,0.099079,1.2274e-07,0.00051225,2.3485e-06,4.9147e-06,0.00048452,0.53682,9.9556e-05,0.01074,0.014077,0.00034832,0.018502,0.011585,2.2424e-06,0.23022,5.037e-06,3.4001e-05,0.0063653,0.099736,0.00050972,0.89975,0.32124,0.67876,0.28892,0.30259,0.97601,0.89989,0.033716,0.87805,0.030443
0.50372,0.00056144,8.6061e-06,0.17681,0.00010539,5.572e-06,9.4248e-07,4.9611e-05,5.9865e-06,0.022505,5.6259e-06,0.037491,1.3426e-07,0.00013167,1.6354e-06,1.7179e-05,0.0007559,0.22837,0.00058499,0.005185,0.026561,0.0019858,0.011223,0.0057,4.237e-06,0.46258,1.7594e-05,1.7583e-05,0.019318,0.23147,0.0020557,0.76648,0.71039,0.28961,0.51305,0.66006,0.98621,0.76712,0.038142,0.9515,0.018631
0.61379,0.0025052,3.6897e-06,0.51412,2.828e-05,5.0613e-06,1.8566e-07,8.2093e-06,2.8025e-06,0.046873,5.1908e-06,0.018598,2.2764e-08,3.0941e-05,2.6098e-07,7.027e-06,0.0042456,0.08542,0.00064284,0.0077798,0.010998,0.0026073,0.0025798,0.0085447,1.0238e-06,0.22833,7.2782e-06,2.8575e-06,0.06666,0.65139,0.0026188,0.34599,0.87025,0.12975,0.73202,0.81587,0.98034,0.34665,0.013675,0.96504,0.014909
0.37353,0.0015139,2.0502e-07,0.55182,2.4039e-06,1.0688e-05,6.7849e-08,1.147e-06,1.6947e-07,0.11637,1.0942e-05,0.0030936,6.107e-09,2.8999e-06,4.9704e-08,6.9474e-06,0.0024857,0.018964,0.0013319,0.0014564,0.0072706,0.0062875,0.00063197,0.0016049,5.1877e-07,0.18225,7.134e-06,4.5336e-07,0.10488,0.7815,0.0062892,0.21221,0.97024,0.029759,0.82848,0.84296,0.98929,0.21357,0.0079458,0.99384,0.0075208
0.33568,0.0026119,2.2769e-08,0.60514,1.6702e-07,2.3197e-06,2.8473e-09,4.9413e-08,1.7955e-08,0.11553,2.3867e-06,0.00049218,2.0713e-10,1.8069e-07,1.7528e-09,6.4977e-07,0.0060072,0.0028294,0.00040637,0.00067541,0.00090037,0.0027257,4.776e-05,0.00072861,2.7717e-08,0.033366,6.6924e-07,1.8037e-08,0.22853,0.95964,0.0027258,0.037636,0.98661,0.013393,0.87596,0.87566,0.99546,0.038046,0.0009546,0.9981,0.0049335
0.38836,0.0014514,1.1296e-09,0.34362,1.283e-08,5.4508e-06,9.1301e-10,6.1681e-09,9.7542e-10,0.31912,5.4927e-06,7.1731e-05,4.8549e-11,1.5259e-08,2.9213e-10,6.0396e-07,0.0023505,0.00055163,0.00086432,0.00010706,0.00051649,0.0078159,1.0244e-05,0.00011666,1.2471e-08,0.017924,6.1663e-07,2.5211e-09,0.30547,0.97311,0.0078159,0.019074,0.99534,0.0046593,0.88208,0.67082,0.99109,0.019944,0.00053895,0.9997,0.0059255
0.2835,0.0034958,2.3391e-10,0.23977,1.7981e-09,1.9174e-06,8.2248e-11,5.4985e-10,2.1624e-10,0.23037,1.9587e-06,1.6484e-05,3.7978e-12,1.8992e-09,2.3155e-11,9.9389e-08,0.0047492,0.0001102,0.00035709,6.5481e-05,8.9741e-05,0.0036477,1.2847e-06,7.179e-05,1.3271e-09,0.0032943,1.0222e-07,2.1364e-10,0.51396,0.99284,0.0036477,0.003512,0.99149,0.0085102,0.83481,0.76526,0.99585,0.0038711,9.5109e-05,0.99985,0.0055721
0.46352,1.549e-10,0.00065816,4.9402e-09,0.10862,2.6151e-11,3.3531e-06,0.27406,0.0007839,3.4405e-09,1.3854e-11,0.0055311,6.4462e-06,0.57086,0.00075214,1.6698e-08,1.5672e-10,0.0023264,4.2964e-10,2.0465e-06,2.787e-05,9.5301e-10,0.017694,2.4162e-06,9.1151e-07,2.2253e-05,1.7355e-08,0.018656,2.8626e-09,5.4203e-06,0.29348,0.70652,5.017e-05,0.99995,0.2478,3.3006e-05,0.025612,0.97914,0.99067,0.88364,0.31152
0.48726,5.4508e-10,0.00036236,3.8857e-08,0.067246,2.4104e-10,1.5995e-05,0.41252,0.00037121,2.7972e-08,1.5008e-10,0.011283,2.1972e-05,0.37009,0.0019408,1.4244e-07,5.4907e-10,0.0087738,4.5775e-09,4.2071e-06,0.0001889,9.4068e-09,0.087265,4.9525e-06,5.517e-06,0.00015302,1.4637e-07,0.039746,1.5984e-08,1.5054e-05,0.45425,0.54574,0.00034231,0.99966,0.21824,0.00019685,0.10771,0.95755,0.97905,0.91874,0.54091
0.54142,9.415e-09,0.0011579,6.3018e-07,0.10621,9.4859e-10,1.3156e-05,0.19785,0.0010202,2.9321e-07,6.7502e-10,0.065127,1.2776e-05,0.36886,0.00096227,3.2515e-07,9.3519e-09,0.053404,2.9876e-08,4.46e-05,0.00068863,6.8534e-08,0.18368,5.1327e-05,6.5881e-06,0.00092815,3.3386e-07,0.019977,2.0925e-07,0.00010436,0.21882,0.78108,0.0016187,0.99838,0.22264,0.00096218,0.30386,0.97677,0.87827,0.82539,0.40315
0.59021,3.2821e-08,0.00039406,4.4542e-06,0.039741,1.0423e-08,4.4319e-05,0.13194,0.00031589,2.3808e-06,8.3656e-09,0.067001,3.0045e-05,0.12525,0.0014291,2.5301e-06,3.2341e-08,0.12383,3.4077e-07,6.6322e-05,0.0037506,6.9578e-07,0.47944,7.6548e-05,3.0468e-05,0.0049634,2.5732e-06,0.021679,1.1634e-06,0.00018686,0.15513,0.84469,0.0087281,0.99127,0.18359,0.005079,0.67911,0.976,0.80334,0.89087,0.6343
0.55752,2.5668e-07,0.00050331,3.7039e-05,0.023771,1.7757e-08,1.3846e-05,0.0309,0.00032339,1.1187e-05,1.5533e-08,0.14581,6.8541e-06,0.053906,0.000299,2.225e-06,2.4791e-07,0.363,9.4122e-07,0.00029716,0.0054161,2.174e-06,0.35673,0.00033204,1.3649e-05,0.013603,2.2579e-06,0.0050161,7.0396e-06,0.00070407,0.036238,0.96306,0.019082,0.98092,0.16398,0.013686,0.88465,0.99316,0.47608,0.82863,0.39356
0.55811,5.0797e-07,8.7098e-05,0.00015212,0.0052392,1.2728e-07,2.3957e-05,0.011194,5.5992e-05,5.57e-05,1.1938e-07,0.072186,8.2674e-06,0.011673,0.00022622,9.8242e-06,4.8939e-07,0.42062,6.8587e-06,0.00022492,0.018269,1.3764e-05,0.40839,0.00025238,3.3284e-05,0.048443,9.9234e-06,0.0028033,2.3597e-05,0.00076984,0.014269,0.98496,0.066983,0.93302,0.17251,0.048705,0.96822,0.99609,0.45788,0.92166,0.4229
0.41355,3.1102e-06,6.9049e-05,0.00104,0.0019033,1.6158e-07,4.8506e-06,0.0018779,3.5729e-05,0.00020025,1.5725e-07,0.081987,1.2767e-06,0.0033027,3.2604e-05,5.6404e-06,3.1519e-06,0.65751,1.3227e-05,0.00069129,0.015797,3.1618e-05,0.13888,0.00075195,9.4712e-06,0.095271,5.6927e-06,0.00045497,0.00011585,0.00284,0.0024032,0.99476,0.11248,0.88752,0.17578,0.09646,0.99084,0.99656,0.16228,0.91451,0.14205
0.54441,7.5905e-06,1.2655e-05,0.0043206,0.00050548,1.6592e-06,9.4902e-06,0.00078452,7.8673e-06,0.001281,1.6504e-06,0.040289,1.821e-06,0.00089695,2.7893e-05,3.0318e-05,7.7069e-06,0.43205,0.00012438,0.00053371,0.054893,0.00026802,0.10652,0.0005907,2.6122e-05,0.35601,3.0631e-05,0.00028271,0.00048785,0.0074439,0.0013745,0.99118,0.41745,0.58255,0.31049,0.36093,0.99596,0.99214,0.16401,0.958,0.10846
0.52782,6.3316e-05,1.0287e-05,0.030597,0.00021562,2.9081e-06,2.621e-06,0.0001761,6.419e-06,0.0054946,2.9137e-06,0.039849,4.2503e-07,0.000316,5.8209e-06,2.1394e-05,7.3505e-05,0.35839,0.00026724,0.001698,0.037987,0.0007373,0.031961,0.0018627,9.462e-06,0.4871,2.1689e-05,6.24e-05,0.0030577,0.043173,0.00098467,0.95584,0.56529,0.43471,0.3834,0.52095,0.99464,0.95631,0.070786,0.95634,0.034608
0.35996,7.1078e-05,1.0613e-06,0.055,3.3646e-05,1.4595e-05,2.3993e-06,4.4854e-05,8.221e-07,0.018259,1.4698e-05,0.010663,2.9574e-07,5.3101e-05,2.5401e-06,5.2196e-05,7.9477e-05,0.10242,0.0011842,0.00059653,0.054097,0.0031813,0.012091,0.00066788,1.1863e-05,0.73513,5.2982e-05,2.0315e-05,0.00626,0.082264,0.0032517,0.91448,0.87324,0.12676,0.53475,0.79666,0.99418,0.91579,0.066491,0.98802,0.015167
0.53868,0.00050054,7.5994e-07,0.25645,1.434e-05,2.0525e-05,6.4711e-07,1.1206e-05,6.2348e-07,0.066892,2.0833e-05,0.0088748,6.9541e-08,1.9574e-05,5.6611e-07,3.0683e-05,0.00063772,0.063183,0.001963,0.001469,0.028353,0.0069365,0.0039643,0.001639,3.9607e-06,0.52373,3.1328e-05,4.7547e-06,0.035247,0.36491,0.0069537,0.62814,0.91967,0.080325,0.65907,0.81663,0.9879,0.63017,0.032476,0.988,0.010578
0.61796,0.00036588,5.8046e-08,0.25053,1.6186e-06,6.7995e-05,3.3968e-07,2.0694e-06,5.2278e-08,0.20122,6.8458e-05,0.0018219,2.6822e-08,2.4131e-06,1.4964e-07,4.5255e-05,0.00042735,0.015911,0.0060932,0.00035167,0.025305,0.02468,0.0011784,0.00039694,2.8991e-06,0.41503,4.6059e-05,1.0134e-06,0.056453,0.51607,0.024684,0.45925,0.97954,0.020464,0.75013,0.72289,0.96833,0.46546,0.026722,0.99742,0.017517
0.43701,0.00082149,1.003e-08,0.38968,1.7729e-07,2.3973e-05,2.14e-08,1.3796e-07,8.8213e-09,0.32125,2.4144e-05,0.00045378,1.3852e-09,2.356e-07,8.0091e-09,6.4675e-06,0.0011708,0.0037259,0.0028858,0.00023992,0.0044518,0.017731,0.00013481,0.00026581,2.3229e-07,0.10928,6.5915e-06,6.1365e-08,0.14785,0.86423,0.017731,0.11804,0.99319,0.0068133,0.87605,0.64881,0.97883,0.12096,0.0046487,0.99904,0.011576
0.38894,0.00033659,4.6278e-10,0.16678,1.1984e-08,5.3311e-05,6.3696e-09,1.5079e-08,4.424e-10,0.61709,5.2597e-05,5.2258e-05,3.0713e-10,1.7295e-08,1.224e-09,5.5236e-06,0.00039319,0.00055419,0.0052591,3.1218e-05,0.0020312,0.042498,2.2846e-05,3.5197e-05,9.5912e-08,0.039462,5.6179e-06,7.5946e-09,0.12533,0.91538,0.042498,0.042123,0.99857,0.0014256,0.92484,0.33232,0.95207,0.047441,0.0021712,0.99988,0.024386
0.4103,0.00076815,1.0011e-10,0.15001,1.6771e-09,1.8303e-05,5.2377e-10,1.3023e-09,9.8532e-11,0.57577,1.8222e-05,1.2695e-05,2.2211e-11,2.1362e-09,9.056e-11,8.3794e-07,0.00087681,0.00011997,0.0020816,2.0094e-05,0.00032463,0.021188,2.8275e-06,2.2674e-05,9.2976e-09,0.0078269,8.5423e-07,6.0942e-10,0.24094,0.97052,0.021188,0.008287,0.99818,0.0018232,0.91415,0.40043,0.97665,0.010388,0.00036569,0.99994,0.012465
0.46651,4.3321e-11,0.00012141,3.2272e-09,0.03454,8.1232e-11,2.0319e-05,0.61831,0.00013132,3.4018e-09,4.2678e-11,0.0017533,4.0402e-05,0.23722,0.0038081,7.159e-08,4.3918e-11,0.0014137,8.691e-10,4.8098e-07,5.3049e-05,1.6121e-09,0.030132,5.7415e-07,4.9179e-06,2.6976e-05,7.3758e-08,0.072417,1.6159e-09,6.1277e-06,0.6946,0.30539,8.0181e-05,0.99992,0.19807,9.2766e-05,0.033445,0.92348,0.99655,0.95958,0.72294
0.42099,9.7819e-11,4.5276e-05,1.6412e-08,0.01712,5.3087e-10,7.5295e-05,0.62851,4.5058e-05,1.8967e-08,3.4285e-10,0.0024797,0.00010529,0.11246,0.0073292,4.6244e-07,9.8874e-11,0.0034925,6.8259e-09,6.3459e-07,0.00027948,1.1251e-08,0.11247,7.5816e-07,2.316e-05,0.00012899,4.6978e-07,0.11544,5.9483e-09,2.5534e-05,0.75146,0.24852,0.00040946,0.99959,0.18075,0.00033369,0.11905,0.87703,0.99381,0.97278,0.86027
0.59844,2.2779e-09,0.00017306,3.345e-07,0.03516,3.0646e-09,7.4965e-05,0.36484,0.00015879,2.7323e-07,2.227e-09,0.017095,7.1356e-05,0.16208,0.004015,1.4328e-06,2.2808e-09,0.026504,6.3179e-08,8.3088e-06,0.0013641,1.1522e-07,0.32772,9.7936e-06,3.4939e-05,0.0010376,1.4571e-06,0.059649,1.0597e-07,5.6718e-05,0.42865,0.57129,0.0024055,0.99759,0.18935,0.0012222,0.37391,0.93591,0.95501,0.9432,0.75454
0.38165,6.4788e-09,4.9009e-05,1.7845e-06,0.011376,3.0063e-08,0.00020808,0.16332,4.2781e-05,1.7891e-06,2.4484e-08,0.014396,0.00013534,0.044012,0.0044959,9.6246e-06,6.4603e-09,0.043231,6.2676e-07,9.7993e-06,0.0063801,9.8101e-07,0.6616,1.1593e-05,0.00013647,0.0043018,9.7486e-06,0.046267,4.731e-07,0.00018198,0.21443,0.78539,0.010707,0.98929,0.17477,0.0048034,0.73042,0.94897,0.93795,0.96914,0.87392
0.38074,6.6783e-08,7.6444e-05,1.7906e-05,0.00929,7.498e-08,8.3853e-05,0.047709,5.9375e-05,1.16e-05,6.5987e-08,0.038618,3.9279e-05,0.026995,0.0011474,1.1857e-05,6.5384e-08,0.15597,2.4849e-06,5.4222e-05,0.013009,4.3634e-06,0.67776,6.2817e-05,8.1082e-05,0.016389,1.2002e-05,0.012593,3.832e-06,0.00025808,0.061577,0.93817,0.029463,0.97054,0.1745,0.016639,0.90201,0.98592,0.78873,0.95049,0.73897
0.45573,1.4737e-07,1.5833e-05,7.248e-05,0.0023669,6.4789e-07,0.00016274,0.016443,1.2665e-05,6.2209e-05,6.0605e-07,0.022187,5.2689e-05,0.0063907,0.00090469,6.1654e-05,1.4373e-07,0.1566,2.122e-05,4.5401e-05,0.051214,3.1179e-05,0.6774,5.2925e-05,0.00022693,0.05861,6.2445e-05,0.0069892,1.3731e-05,0.00062054,0.024583,0.9748,0.11015,0.88985,0.20459,0.059263,0.96673,0.99168,0.76227,0.97397,0.70188
0.5585,1.143e-06,1.6656e-05,0.00062653,0.0013228,1.1664e-06,4.5105e-05,0.0041915,1.1618e-05,0.00032212,1.1384e-06,0.037767,1.0962e-05,0.0028882,0.00017974,5.0797e-05,1.101e-06,0.3516,6.1302e-05,0.00017935,0.069304,0.00010566,0.34459,0.00020332,8.981e-05,0.18468,5.1358e-05,0.0016117,9.0117e-05,0.0016793,0.0061447,0.99218,0.25529,0.74471,0.25112,0.18564,0.98923,0.99659,0.42433,0.96017,0.35099
0.51774,1.7249e-06,2.2978e-06,0.0016156,0.00024082,7.8794e-06,5.5332e-05,0.001127,1.7962e-06,0.001295,7.8136e-06,0.013898,9.6091e-06,0.00053501,9.3528e-05,0.00018125,1.6624e-06,0.16616,0.00039958,9.3732e-05,0.18178,0.00058734,0.16522,0.00010754,0.00015927,0.46538,0.00018413,0.00061312,0.00023124,0.0042864,0.002486,0.99323,0.65167,0.34833,0.42232,0.46782,0.99618,0.99515,0.35022,0.98534,0.16811
0.4065,9.2924e-06,1.355e-06,0.0088381,7.6982e-05,9.2448e-06,9.3053e-06,0.00018695,1.0123e-06,0.0043904,9.2533e-06,0.011362,1.3229e-06,0.00014345,1.2244e-05,8.3923e-05,9.3983e-06,0.14042,0.00063417,0.00021066,0.10009,0.0012484,0.040497,0.00023741,3.6054e-05,0.69025,8.5098e-05,9.1327e-05,0.0010452,0.015598,0.0015495,0.98285,0.80669,0.19331,0.48395,0.70037,0.99714,0.98381,0.14134,0.98805,0.042148
0.27563,8.3034e-06,1.2622e-07,0.011648,9.7228e-06,4.0688e-05,6.6688e-06,3.6942e-05,1.0994e-07,0.011901,4.0506e-05,0.0025031,7.139e-07,1.9179e-05,4.0589e-06,0.00017369,8.252e-06,0.032393,0.0025758,6.2596e-05,0.12511,0.0047991,0.010978,7.1824e-05,3.6171e-05,0.79573,0.00017696,2.2563e-05,0.0016422,0.028386,0.0048701,0.96674,0.95384,0.046162,0.55396,0.80943,0.99232,0.96961,0.13666,0.9973,0.01519
0.36947,6.898e-05,1.1201e-07,0.069978,5.0691e-06,6.8325e-05,1.8742e-06,1.0928e-05,9.9895e-08,0.059788,6.8462e-05,0.0027191,1.743e-07,8.6154e-06,9.6795e-07,0.00011241,7.2613e-05,0.027829,0.0049782,0.00019148,0.06401,0.013862,0.0041714,0.00021828,1.2769e-05,0.74027,0.00011429,5.9302e-06,0.011434,0.14711,0.013882,0.83901,0.96468,0.035317,0.60278,0.82206,0.98058,0.8442,0.068591,0.99685,0.014204
0.52965,6.5931e-05,1.3037e-08,0.07552,8.1025e-07,0.00035272,1.4294e-06,2.7962e-06,1.2624e-08,0.20158,0.00034901,0.00072685,9.951e-08,1.4794e-06,3.6483e-07,0.00024584,6.5153e-05,0.0085533,0.022094,6.3034e-05,0.067123,0.068642,0.0014996,7.2986e-05,1.3511e-05,0.53264,0.00025054,1.7476e-06,0.020138,0.32081,0.068649,0.61054,0.98893,0.011069,0.69308,0.62894,0.90842,0.63325,0.069843,0.99912,0.048094
0.46031,0.00019186,3.3918e-09,0.15669,1.3559e-07,0.00019118,1.2914e-07,2.8047e-07,3.2619e-09,0.47149,0.00018895,0.00027197,7.4675e-09,2.1971e-07,2.8521e-08,5.0853e-05,0.00020349,0.0030276,0.014965,6.1028e-05,0.015604,0.075987,0.00025208,6.9763e-05,1.5504e-06,0.1985,5.1748e-05,1.5618e-07,0.062197,0.70635,0.075988,0.21766,0.99592,0.0040803,0.85316,0.41789,0.90854,0.23287,0.016342,0.9996,0.046445
0.41151,6.4787e-05,1.5698e-10,0.060803,8.4772e-09,0.00039812,3.5293e-08,2.7741e-08,1.5877e-10,0.6529,0.00039029,2.7096e-05,1.5543e-09,1.4692e-08,4.0056e-09,3.9492e-05,6.3507e-05,0.00038088,0.02377,7.1315e-06,0.0056913,0.16347,3.5516e-05,8.2856e-06,5.8026e-07,0.053359,4.0265e-05,1.738e-08,0.038544,0.77703,0.16347,0.059493,0.99941,0.0005879,0.91338,0.15292,0.81195,0.083702,0.0065957,0.99996,0.094578
0.33581,0.00013851,3.7375e-11,0.062697,1.2752e-09,0.000138,2.8526e-09,2.5065e-09,3.8269e-11,0.75586,0.00013554,7.1347e-06,1.1279e-10,1.9373e-09,3.0064e-10,5.7891e-06,0.00013711,9.0466e-05,0.0091242,4.8179e-06,0.00087447,0.087189,4.5844e-06,5.5956e-06,5.4739e-08,0.011524,5.89e-06,1.4316e-09,0.072056,0.90031,0.087189,0.0125,0.99961,0.00038828,0.94763,0.14656,0.9034,0.021768,0.0011643,0.99998,0.048587
0.37167,5.5983e-12,1.2534e-05,1.0254e-09,0.0072168,1.1878e-10,7.5538e-05,0.7062,1.2809e-05,1.613e-09,6.487e-11,0.00033537,0.0001608,0.053236,0.012767,1.641e-07,5.6836e-12,0.00045551,8.7323e-10,5.7218e-08,5.596e-05,1.3243e-09,0.027365,6.8718e-08,1.5574e-05,1.6787e-05,1.6698e-07,0.19207,4.274e-10,1.6035e-05,0.91128,0.088706,7.3084e-05,0.99993,0.17163,0.00026903,0.028481,0.79498,0.99917,0.9794,0.93221
0.39759,1.3067e-11,4.6569e-06,5.2801e-09,0.0037323,9.0473e-10,0.00032763,0.56638,4.5338e-06,9.6907e-09,6.2396e-10,0.00046363,0.00048039,0.024939,0.025893,1.2572e-06,1.324e-11,0.0010501,8.1669e-09,7.4628e-08,0.00034112,1.0332e-08,0.096077,8.9895e-08,8.7844e-05,8.2379e-05,1.2689e-06,0.28013,1.6483e-09,9.0561e-05,0.87321,0.12669,0.00042607,0.99957,0.16579,0.00098078,0.098912,0.69348,0.99839,0.96901,0.9562
0.57243,3.8685e-10,2.04e-05,1.2686e-07,0.0089874,7.0444e-09,0.00034605,0.41184,1.9054e-05,1.7635e-07,5.3157e-09,0.0035327,0.00032633,0.046539,0.01343,4.7476e-06,3.8965e-10,0.0088693,9.7234e-08,1.1461e-06,0.0020245,1.3599e-07,0.36318,1.3717e-06,0.00014776,0.00079483,4.8008e-06,0.13993,3.7168e-08,0.00016028,0.56588,0.43396,0.0028294,0.99717,0.17175,0.0016247,0.37923,0.84627,0.98676,0.97319,0.92235
0.40464,1.5598e-09,7.8342e-06,8.3937e-07,0.0037044,1.0343e-07,0.0012002,0.16558,7.2223e-06,1.5195e-06,8.5231e-08,0.003705,0.00075294,0.015445,0.016161,4.377e-05,1.571e-09,0.015103,1.3417e-06,1.7946e-06,0.011749,1.5798e-06,0.66023,2.1528e-06,0.0007534,0.0037799,4.4358e-05,0.10172,2.2437e-07,0.00084959,0.28541,0.71374,0.015622,0.98438,0.17199,0.0065757,0.69737,0.8813,0.97739,0.9737,0.93802
0.30902,1.6057e-08,1.1648e-05,7.572e-06,0.003085,2.7989e-07,0.00045022,0.052118,1.0233e-05,9.9528e-06,2.4568e-07,0.009374,0.00019959,0.010353,0.0037027,5.5209e-05,1.599e-08,0.048522,5.5874e-06,9.3382e-06,0.02565,7.3259e-06,0.80612,1.1096e-05,0.00042901,0.014491,5.5987e-05,0.025315,1.8063e-06,0.00058612,0.081792,0.91762,0.040285,0.95972,0.18201,0.01569,0.90537,0.97066,0.92754,0.98272,0.8865
0.31047,4.8123e-08,3.5325e-06,3.6235e-05,0.0010488,3.3313e-06,0.0010854,0.019993,3.2408e-06,6.58e-05,3.0686e-06,0.0071146,0.00033129,0.0032397,0.0033414,0.00038071,4.7938e-08,0.052229,6.2307e-05,1.049e-05,0.12207,6.6853e-05,0.71713,1.2505e-05,0.0015371,0.054607,0.00038772,0.015225,8.1929e-06,0.0025075,0.040043,0.95745,0.17769,0.82231,0.23929,0.058374,0.95699,0.9805,0.88578,0.98551,0.75747
0.5901,3.1931e-07,3.3768e-06,0.00026769,0.00061912,5.9917e-06,0.00029481,0.0057522,2.8853e-06,0.00033252,5.7994e-06,0.012413,6.661e-05,0.0016295,0.00066036,0.00032223,3.1089e-07,0.11938,0.00019216,3.6255e-05,0.19917,0.0002307,0.45945,4.2558e-05,0.00060361,0.19451,0.00032786,0.0036289,4.8165e-05,0.0021855,0.010634,0.98718,0.39541,0.60459,0.32513,0.19644,0.98719,0.99435,0.67254,0.98526,0.47085
0.5223,3.6012e-07,4.1487e-07,0.00049595,9.1396e-05,3.1394e-05,0.00026924,0.0011966,3.8116e-07,0.00095766,3.0734e-05,0.0037216,4.2948e-05,0.00024463,0.00024839,0.00091506,3.5075e-07,0.045919,0.0010289,1.5055e-05,0.44084,0.00096645,0.15633,1.7769e-05,0.00082133,0.34379,0.00093782,0.0010005,8.7883e-05,0.0053402,0.0037242,0.99094,0.79008,0.20992,0.49626,0.34736,0.99513,0.9952,0.603,0.99477,0.16223
0.42853,1.4387e-06,1.9882e-07,0.002176,2.6575e-05,3.2098e-05,3.6683e-05,0.00018616,1.744e-07,0.0030402,3.176e-05,0.002919,4.6448e-06,6.1356e-05,2.6986e-05,0.0003685,1.3878e-06,0.041448,0.0016159,2.7156e-05,0.27368,0.0020113,0.041524,3.1532e-05,0.00015294,0.62976,0.00037691,0.00013103,0.00032759,0.0081834,0.0023968,0.98942,0.91342,0.086579,0.5374,0.63321,0.99582,0.99181,0.31664,0.99677,0.044512
0.37375,1.4503e-06,2.4477e-08,0.0029335,3.9564e-06,0.00016921,2.8468e-05,4.1332e-05,2.3616e-08,0.0084727,0.00016579,0.00073679,2.7308e-06,9.4774e-06,9.569e-06,0.00089374,1.3952e-06,0.01097,0.0081627,9.6663e-06,0.33943,0.0089048,0.010878,1.1363e-05,0.0001684,0.6065,0.00091907,3.4689e-05,0.00053428,0.022443,0.0090216,0.96854,0.97709,0.022907,0.57188,0.61199,0.98248,0.978,0.35276,0.99903,0.021391
0.40342,1.065e-05,2.0146e-08,0.01709,2.0016e-06,0.00027787,6.8818e-06,1.1833e-05,1.9448e-08,0.045439,0.00027403,0.00083124,5.6404e-07,4.1677e-06,2.0139e-06,0.00051888,1.0274e-05,0.010977,0.015186,2.783e-05,0.15982,0.028531,0.0042542,3.248e-05,5.1585e-05,0.71258,0.00053081,8.4623e-06,0.0035236,0.082973,0.028561,0.88847,0.98377,0.016232,0.59181,0.73432,0.95564,0.90452,0.16576,0.99905,0.02757
0.58852,1.1389e-05,3.0094e-09,0.021829,3.7925e-07,0.0017441,5.9339e-06,3.4765e-06,3.0522e-09,0.14194,0.0017118,0.00025203,3.709e-07,8.3388e-07,8.5769e-07,0.0013146,1.0779e-05,0.0037938,0.076068,1.0883e-05,0.14914,0.15475,0.0015744,1.2845e-05,6.1379e-05,0.43822,0.0013497,2.7905e-06,0.0061988,0.25226,0.15476,0.59298,0.99426,0.0057421,0.67151,0.469,0.7657,0.67217,0.15691,0.99966,0.12252
0.55634,3.4736e-05,9.0623e-10,0.04972,7.5213e-08,0.0011454,5.9803e-07,4.106e-07,9.1638e-10,0.3943,0.0011248,0.00011277,3.1077e-08,1.4699e-07,7.6122e-08,0.00030674,3.3025e-05,0.0016494,0.057976,1.1797e-05,0.038182,0.22322,0.00031619,1.3821e-05,7.8847e-06,0.21208,0.00031375,2.8881e-07,0.019445,0.52444,0.22322,0.25235,0.99782,0.0021812,0.80688,0.28195,0.71651,0.31178,0.041398,0.99985,0.1437
0.49039,9.446e-06,3.714e-11,0.017945,3.9517e-09,0.0021317,1.3254e-07,3.3297e-08,3.8412e-11,0.39372,0.0021491,9.4224e-06,5.2627e-09,8.1776e-09,8.6433e-09,0.00020119,8.7906e-06,0.00017357,0.080212,1.1823e-06,0.010818,0.43841,3.5576e-05,1.3973e-06,2.4023e-06,0.044669,0.00020661,2.595e-08,0.0092952,0.50588,0.43841,0.055706,0.99976,0.000242,0.84066,0.072338,0.47709,0.13825,0.015545,0.99999,0.26395
0.45873,2.3765e-05,1.2077e-11,0.023819,7.9803e-10,0.00089746,1.2974e-08,3.9206e-09,1.2545e-11,0.60411,0.00089282,3.2963e-06,4.7475e-10,1.4371e-09,8.1886e-10,3.4239e-05,2.2135e-05,5.4781e-05,0.034516,1.0311e-06,0.0019272,0.30167,5.9e-06,1.2178e-06,2.7038e-07,0.01264,3.4923e-05,2.7342e-09,0.019344,0.6837,0.30167,0.014632,0.99989,0.00011242,0.90524,0.055919,0.66202,0.050079,0.0037928,0.99999,0.16996
0.3677,6.7621e-13,1.2334e-06,3.0292e-10,0.0014855,1.7041e-10,0.00031623,0.48881,1.2176e-06,7.1875e-10,9.999e-11,6.2604e-05,0.00075342,0.010544,0.048684,3.9114e-07,6.8725e-13,0.00013224,8.7645e-10,6.3762e-09,5.8603e-05,1.0464e-09,0.019483,7.6724e-09,5.436e-05,9.5681e-06,3.9489e-07,0.4296,1.0542e-10,5.5162e-05,0.96817,0.031778,6.8961e-05,0.99993,0.15988,0.0011344,0.020871,0.52096,0.99979,0.94864,0.96299
0.37394,2.0741e-12,5.3988e-07,1.895e-09,0.00085865,1.8943e-09,0.0017224,0.32042,5.1912e-07,5.5506e-09,1.386e-09,9.5019e-05,0.0027123,0.0055416,0.099131,4.0714e-06,2.1069e-12,0.00031623,1.1525e-08,1.0045e-08,0.00043215,1.0884e-08,0.060715,1.212e-08,0.00040419,5.3122e-05,4.1164e-06,0.50759,5.2542e-10,0.00041242,0.93157,0.068013,0.00049349,0.99951,0.15068,0.0049002,0.066459,0.39056,0.99953,0.89508,0.94178
0.49168,7.7852e-11,2.903e-06,5.4971e-08,0.002566,1.945e-08,0.0019885,0.33025,2.743e-06,1.281e-07,1.5245e-08,0.00085103,0.0018866,0.01344,0.050763,1.8985e-05,7.8821e-11,0.0030597,1.7599e-07,1.8763e-07,0.0032217,1.838e-07,0.2913,2.2614e-07,0.00078018,0.0006277,1.9211e-05,0.29922,1.4981e-08,0.0008192,0.68411,0.31507,0.0038882,0.99611,0.16131,0.0053212,0.30375,0.6481,0.99545,0.94116,0.9499
0.53971,5.5218e-10,1.8856e-06,5.559e-07,0.0015762,4.939e-07,0.009141,0.15081,1.8103e-06,1.7074e-06,4.0751e-07,0.0013274,0.0055712,0.0068308,0.066931,0.00026643,5.6005e-10,0.0067642,3.7513e-06,4.8622e-07,0.02378,3.3625e-06,0.50357,5.8392e-07,0.0055603,0.00384,0.00027096,0.21374,1.484e-07,0.0061058,0.4462,0.54769,0.028167,0.97183,0.16698,0.024651,0.56009,0.71347,0.98805,0.90989,0.91949
0.36336,6.481e-09,3.1489e-06,5.1058e-06,0.0015058,1.5926e-06,0.0035401,0.061828,2.9931e-06,1.2446e-05,1.3778e-06,0.003555,0.0014946,0.005455,0.015933,0.00037896,6.5399e-09,0.020637,1.7963e-05,2.7373e-06,0.060302,1.7819e-05,0.74531,3.2814e-06,0.0033648,0.015391,0.00038588,0.060849,1.3297e-06,0.0041755,0.14366,0.85216,0.076515,0.92348,0.19608,0.024561,0.85438,0.92129,0.96035,0.97059,0.8842
0.52289,2.2103e-08,1.2016e-06,2.4988e-05,0.00057886,2.0404e-05,0.0082213,0.025483,1.1899e-06,8.2102e-05,1.83e-05,0.0029615,0.0023855,0.0019812,0.013093,0.002699,2.2326e-08,0.022592,0.00020247,3.5208e-06,0.25527,0.00016425,0.56652,4.2012e-06,0.011974,0.049508,0.0027637,0.033437,6.3586e-06,0.017799,0.082784,0.89942,0.31076,0.68924,0.29567,0.077583,0.92501,0.94801,0.92445,0.96078,0.65769
0.57165,9.6727e-08,8.084e-07,0.00011424,0.00026762,2.8207e-05,0.0017136,0.0064392,7.7939e-07,0.00029609,2.6777e-05,0.0038033,0.00036384,0.0008136,0.0020459,0.0018345,9.6419e-08,0.036488,0.00051362,8.0273e-06,0.41364,0.00042883,0.3815,9.5713e-06,0.0036675,0.13748,0.00188,0.0066084,2.4833e-05,0.0084035,0.0176,0.974,0.55627,0.44373,0.40273,0.14708,0.98281,0.98819,0.82083,0.98812,0.40445
0.38654,8.6544e-08,9.3337e-08,0.00016011,3.4383e-05,0.00011633,0.0011981,0.0011309,9.3592e-08,0.00061708,0.00011171,0.00095494,0.00017873,0.00010589,0.00057979,0.0043065,8.6331e-08,0.011757,0.0022928,2.8117e-06,0.70689,0.0013461,0.097714,3.3454e-06,0.0039505,0.16068,0.0044415,0.001392,3.3679e-05,0.016037,0.0058256,0.97814,0.881,0.119,0.54622,0.17495,0.99288,0.99113,0.82215,0.9931,0.11434
0.39629,2.7647e-07,3.939e-08,0.00057574,1.0007e-05,0.00012163,0.00015871,0.00018748,3.859e-08,0.0019029,0.00011833,0.00075215,1.843e-05,2.7449e-05,6.2815e-05,0.0018146,2.6991e-07,0.011057,0.0042981,4.2897e-06,0.59352,0.0030163,0.032608,5.084e-06,0.00071986,0.34685,0.0018716,0.00018896,0.00010682,0.011539,0.0036327,0.98483,0.9542,0.0458,0.57122,0.35212,0.99196,0.99213,0.63143,0.99827,0.040556
0.40129,3.2488e-07,6.5736e-09,0.00090811,1.8839e-06,0.00076308,0.00013459,5.0597e-05,6.7129e-09,0.0053983,0.00073502,0.00023423,1.1995e-05,5.2769e-06,2.4684e-05,0.0051751,3.1833e-07,0.0037431,0.0262,1.9256e-06,0.63731,0.014524,0.0091314,2.2869e-06,0.00086701,0.28918,0.0053491,5.6447e-05,0.00018893,0.04559,0.014802,0.93961,0.98573,0.014266,0.59022,0.30182,0.95764,0.9728,0.65962,0.99872,0.03997
0.50137,2.1386e-06,5.1547e-09,0.0052044,9.864e-07,0.0013742,3.2008e-05,1.5391e-05,5.2409e-09,0.031394,0.0013404,0.00028833,2.3918e-06,2.4479e-06,5.2213e-06,0.0030332,2.0529e-06,0.0045281,0.054714,5.2872e-06,0.36324,0.057063,0.004339,6.2675e-06,0.00026055,0.4688,0.0031282,1.4394e-05,0.0012019,0.10167,0.057133,0.8412,0.9905,0.0095046,0.60198,0.48167,0.88546,0.90063,0.37679,0.9994,0.067874
0.6148,1.6837e-06,6.0926e-10,0.0056927,1.4388e-07,0.0069481,1.9882e-05,3.4013e-06,6.3172e-10,0.067089,0.0068666,6.8763e-05,1.1304e-06,3.7434e-07,1.6026e-06,0.0058775,1.6125e-06,0.0012762,0.21838,1.6246e-06,0.22378,0.23339,0.001191,1.9312e-06,0.0002246,0.22159,0.0060804,3.4639e-06,0.0015163,0.31868,0.23342,0.4479,0.9972,0.0027974,0.65843,0.241,0.53441,0.67935,0.251,0.99968,0.25006
0.53611,4.4984e-06,1.7045e-10,0.012379,2.7594e-08,0.0048208,1.8831e-06,3.9182e-07,1.7631e-10,0.19175,0.0048452,3.0776e-05,8.7699e-08,6.4406e-08,1.3465e-07,0.0013204,4.2128e-06,0.00058072,0.16798,1.6212e-06,0.060426,0.41901,0.00024879,1.9236e-06,2.7378e-05,0.13087,0.0013626,3.4756e-07,0.0043251,0.38883,0.41901,0.19216,0.9991,0.00090286,0.7496,0.1503,0.40334,0.36632,0.073054,0.99994,0.30545
0.41411,7.9357e-07,4.6006e-12,0.0032952,9.4319e-10,0.006943,2.6698e-07,2.0386e-08,4.7981e-12,0.12235,0.0077884,1.7433e-06,9.3147e-09,2.3272e-09,9.5901e-09,0.00061509,7.3812e-07,4.1998e-05,0.18187,1.0999e-07,0.011298,0.64454,1.8382e-05,1.308e-07,5.4567e-06,0.019235,0.00063804,1.979e-08,0.0013588,0.32486,0.64454,0.030595,0.99993,6.9681e-05,0.76282,0.02515,0.15886,0.22002,0.027306,0.99999,0.4289
0.39988,2.5919e-06,2.1171e-12,0.0060272,2.671e-10,0.0037183,3.2746e-08,3.2717e-09,2.2085e-12,0.25214,0.0040064,8.6101e-07,1.075e-09,5.7071e-10,1.1896e-09,0.0001241,2.3937e-06,1.8785e-05,0.086616,1.3224e-07,0.0025083,0.63341,4.1705e-06,1.5706e-07,7.6187e-07,0.0077341,0.00012751,2.7858e-09,0.0035584,0.35633,0.63341,0.010266,0.99997,2.9895e-05,0.81496,0.017577,0.27225,0.10073,0.01049,1,0.36793
0.38301,1.0494e-13,1.3436e-07,1.049e-10,0.00030392,3.2031e-10,0.0015008,0.20425,1.3043e-07,3.7749e-10,1.9787e-10,1.2264e-05,0.0041115,0.002083,0.17892,1.1018e-06,1.0669e-13,3.7719e-05,1.0681e-09,8.4052e-10,6.2153e-05,9.9106e-10,0.010684,1.0062e-09,0.00021758,5.4973e-06,1.1128e-06,0.59781,3.1963e-11,0.0002198,0.98659,0.013189,6.9868e-05,0.99993,0.13652,0.0058376,0.016634,0.21916,0.99994,0.81494,0.90598
0.37634,3.8635e-13,6.6002e-08,7.2102e-10,0.00018096,4.4916e-09,0.0087607,0.11868,6.3797e-08,3.288e-09,3.3636e-09,1.9056e-05,0.014943,0.00117,0.29664,1.3168e-05,3.9315e-13,8.7276e-05,1.6483e-08,1.4936e-09,0.00046058,1.1903e-08,0.027345,1.7885e-09,0.0018021,3.0374e-05,1.3386e-05,0.52985,1.8508e-10,0.0018287,0.96888,0.029293,0.00051754,0.99948,0.1153,0.025563,0.053474,0.15855,0.99986,0.67765,0.84225
0.44437,1.8235e-11,4.6651e-07,2.5958e-08,0.00073401,6.0655e-08,0.011924,0.18631,4.4846e-07,9.7938e-08,4.853e-08,0.00021809,0.011452,0.0039255,0.17015,8.0592e-05,1.8536e-11,0.0010503,3.3381e-07,3.4993e-08,0.0045749,2.6299e-07,0.16508,4.2053e-08,0.0043408,0.00046269,8.1936e-05,0.43961,6.6876e-09,0.004504,0.81945,0.17605,0.0052009,0.9948,0.13908,0.028342,0.19927,0.3787,0.99827,0.80118,0.89819
0.57562,1.6152e-10,3.9858e-07,3.0789e-07,0.00054151,1.8232e-06,0.053578,0.10134,3.9583e-07,1.4776e-06,1.5e-06,0.00040557,0.03157,0.0025424,0.1895,0.0012321,1.6424e-10,0.002586,7.8193e-06,1.1335e-07,0.032683,5.4266e-06,0.26617,1.3488e-07,0.031642,0.0029006,0.0012589,0.28203,7.8868e-08,0.034146,0.65802,0.30783,0.038093,0.96191,0.1439,0.12218,0.42403,0.49563,0.99409,0.69276,0.84717
0.57505,3.0242e-09,1.0653e-06,4.0666e-06,0.00080811,9.3549e-06,0.02774,0.068771,1.0626e-06,1.6213e-05,7.9286e-06,0.0015747,0.011184,0.003176,0.062235,0.0026177,3.0689e-09,0.010519,5.6839e-05,9.7362e-07,0.11785,4.3979e-05,0.5246,1.1594e-06,0.026539,0.015747,0.0026768,0.12381,1.0851e-06,0.031931,0.29379,0.67428,0.13904,0.86096,0.21106,0.086509,0.74107,0.80001,0.97203,0.86991,0.8122
0.63928,8.2624e-09,3.6876e-07,1.5573e-05,0.0002725,9.1269e-05,0.046988,0.026605,3.7778e-07,7.9687e-05,8.0036e-05,0.001114,0.012813,0.0010374,0.036711,0.014289,8.3715e-09,0.0095724,0.00047916,1.0485e-06,0.34484,0.00030083,0.33046,1.2377e-06,0.071323,0.035769,0.014694,0.052456,4.0099e-06,0.10106,0.17587,0.72307,0.41064,0.58936,0.32208,0.19589,0.88196,0.88284,0.95266,0.83078,0.5748
0.42451,3.4118e-08,2.4454e-07,5.7985e-05,0.00012433,0.00012702,0.0093293,0.0069659,2.4911e-07,0.00025854,0.00011762,0.0012811,0.0018713,0.00042316,0.0056831,0.009869,3.4454e-08,0.012693,0.0012306,2.1763e-06,0.59394,0.00074346,0.23302,2.5813e-06,0.021218,0.080236,0.010165,0.010633,1.4024e-05,0.043062,0.035226,0.92171,0.69675,0.30325,0.46214,0.13276,0.97395,0.97045,0.90348,0.96049,0.30113
0.31836,2.6069e-08,2.763e-08,7.0783e-05,1.5775e-05,0.00045799,0.0056777,0.0012187,2.8579e-08,0.00044266,0.00043102,0.00031037,0.00079063,5.4623e-05,0.0014012,0.022053,2.6315e-08,0.003961,0.0050466,7.0218e-07,0.78399,0.0019402,0.056106,8.285e-07,0.02062,0.070621,0.02276,0.0020166,1.5926e-05,0.0719,0.013045,0.91506,0.90783,0.092174,0.55162,0.14261,0.98742,0.97013,0.91759,0.97118,0.12455
0.2395,6.8249e-08,1.058e-08,0.00019168,4.3592e-06,0.00047425,0.0007047,0.0002005,1.0879e-08,0.0011531,0.00045167,0.00021781,7.6703e-05,1.3657e-05,0.00014759,0.0094288,6.8168e-08,0.0032315,0.010675,8.9285e-07,0.80333,0.0040882,0.020539,1.0589e-06,0.0035195,0.1315,0.0097361,0.00027142,4.0131e-05,0.035673,0.0054891,0.95884,0.97107,0.028929,0.58637,0.1552,0.98367,0.98384,0.8489,0.99533,0.047953
0.38239,7.8342e-08,1.8741e-09,0.00033252,9.0223e-07,0.0032017,0.00058887,5.9456e-05,1.9511e-09,0.0031284,0.0029963,7.7432e-05,4.8869e-05,2.9018e-06,5.8175e-05,0.02896,7.8351e-08,0.0013437,0.069264,4.2659e-07,0.72199,0.019022,0.0065529,5.041e-07,0.0041778,0.1082,0.02984,8.4161e-05,6.9983e-05,0.14197,0.019862,0.83817,0.987,0.012996,0.58694,0.17222,0.90531,0.94442,0.79856,0.99505,0.10574
0.49697,4.0883e-07,1.2734e-09,0.0015806,4.3062e-07,0.0056566,0.0001249,1.6939e-05,1.3233e-09,0.016022,0.0054472,8.7085e-05,8.6553e-06,1.2451e-06,1.1269e-05,0.015385,4.0152e-07,0.0015738,0.15745,9.7174e-07,0.50082,0.07716,0.0033051,1.153e-06,0.0011056,0.19795,0.015916,2.0101e-05,0.0003584,0.21893,0.077342,0.70373,0.99374,0.0062581,0.60638,0.23243,0.75423,0.88347,0.54782,0.99866,0.15634
0.5329,1.7648e-07,8.3037e-11,0.0011092,3.587e-08,0.01948,4.3893e-05,2.1457e-06,8.6821e-11,0.019813,0.019395,1.2724e-05,2.247e-06,1.0967e-07,1.9171e-06,0.019088,1.7281e-07,0.00028741,0.44712,1.7284e-07,0.18834,0.19743,0.00056234,2.0486e-07,0.00055156,0.066732,0.019769,2.7377e-06,0.00025869,0.54658,0.19749,0.25593,0.99853,0.0014678,0.62927,0.10756,0.31657,0.74221,0.26724,0.99939,0.39129
0.48765,3.8225e-07,2.0089e-11,0.0021242,6.1462e-09,0.013849,3.6983e-06,2.241e-07,2.0974e-11,0.053598,0.014923,5.187e-06,1.5253e-07,1.7024e-08,1.4369e-07,0.0039409,3.6355e-07,0.0001243,0.36488,1.4573e-07,0.055692,0.44112,0.00011465,1.7334e-07,6.0283e-05,0.044842,0.0040955,2.4956e-07,0.00062329,0.4581,0.44112,0.10078,0.99969,0.00030998,0.69538,0.05569,0.16522,0.48352,0.092681,0.99993,0.43794
0.39745,5.2022e-08,4.1749e-13,0.00047608,1.6281e-10,0.019757,4.0952e-07,9.0036e-09,4.3699e-13,0.025421,0.02688,2.379e-07,1.2337e-08,4.7804e-10,7.7719e-09,0.0016218,4.9174e-08,7.389e-06,0.3584,7.8795e-09,0.0081243,0.55197,6.7548e-06,9.3675e-09,9.6138e-06,0.005477,0.0016909,1.0896e-08,0.0001529,0.43441,0.55197,0.013616,0.99998,2.4564e-05,0.70284,0.0094288,0.042989,0.39341,0.058092,0.99999,0.50431
0.39112,1.893e-07,2.2377e-13,0.0010397,5.3621e-11,0.011236,5.2679e-08,1.6439e-09,2.3378e-13,0.061632,0.014844,1.3996e-07,1.5056e-09,1.3614e-10,1.0505e-09,0.00032093,1.7677e-07,4.0008e-06,0.16328,1.0975e-08,0.0020659,0.74196,1.8004e-06,1.3028e-08,1.4031e-06,0.0028313,0.00033308,1.7149e-09,0.00045296,0.25314,0.74196,0.0049032,0.99999,7.793e-06,0.75362,0.0049799,0.068684,0.17974,0.028803,1,0.47919
0.38418,2.1855e-14,1.6727e-08,4.3543e-11,5.8727e-05,7.615e-10,0.0066792,0.059805,1.6396e-08,2.3016e-10,4.6747e-10,2.4889e-06,0.021291,0.00040102,0.45258,3.2019e-06,2.2174e-14,1.0447e-05,1.4376e-09,1.3689e-10,5.7741e-05,1.0773e-09,0.0044985,1.617e-10,0.00082524,3.017e-06,3.2459e-06,0.45378,1.214e-11,0.00083169,0.99414,0.005032,6.721e-05,0.99993,0.088004,0.028805,0.033374,0.072345,0.99998,0.51857,0.76253
0.4102,7.0027e-14,7.5843e-09,2.5144e-10,3.1289e-05,9.4952e-09,0.036046,0.032914,7.5166e-09,1.6869e-09,7.0291e-09,3.3384e-06,0.067039,0.00021126,0.54059,3.3792e-05,7.117e-14,2.0045e-05,1.9083e-08,2.1236e-10,0.00034988,1.1044e-08,0.0089276,2.506e-10,0.0062914,1.3497e-05,3.4537e-05,0.3075,6.0239e-11,0.0063598,0.98408,0.0095569,0.00043176,0.99957,0.066551,0.10946,0.11876,0.084842,0.99996,0.35,0.69554
0.50292,3.4338e-12,6.1219e-08,9.6128e-09,0.00015656,1.4329e-07,0.054016,0.073391,6.0431e-08,5.5348e-08,1.1534e-07,4.3766e-05,0.052235,0.00090042,0.3655,0.00024728,3.4946e-12,0.00027486,4.5289e-07,5.3106e-09,0.0042546,2.7491e-07,0.063573,6.3115e-09,0.017901,0.00023772,0.00025291,0.36701,2.3161e-09,0.018402,0.91216,0.069441,0.0049935,0.99501,0.099253,0.12489,0.19304,0.215,0.99944,0.51014,0.78514
0.59953,2.1798e-11,4.3147e-08,8.437e-08,9.7405e-05,3.0852e-06,0.18197,0.039826,4.3896e-08,6.0033e-07,2.5661e-06,6.6667e-05,0.099989,0.00051984,0.27442,0.0028385,2.2152e-11,0.00054335,7.7787e-06,1.3114e-08,0.022427,4.0657e-06,0.084038,1.5435e-08,0.10168,0.0011071,0.0029186,0.18754,1.9613e-08,0.10745,0.78375,0.1088,0.029309,0.97069,0.109,0.3905,0.49758,0.43512,0.99827,0.34178,0.78657
0.64153,7.256e-10,2.0846e-07,1.8566e-06,0.00025468,2.7395e-05,0.12457,0.047682,2.1327e-07,1.1097e-05,2.3103e-05,0.00043044,0.046584,0.0011269,0.12923,0.0096978,7.3633e-10,0.0035104,9.3595e-05,1.9554e-07,0.12236,5.5728e-05,0.23998,2.3032e-07,0.12065,0.0093188,0.0099621,0.13443,4.653e-07,0.14046,0.48256,0.37698,0.15155,0.84845,0.18607,0.32078,0.68707,0.6797,0.98658,0.57828,0.77002
0.71811,1.2557e-09,5.0985e-08,4.7269e-06,6.4192e-05,0.00017732,0.14816,0.015072,5.2864e-08,3.5716e-05,0.0001564,0.00022354,0.035546,0.00028151,0.051824,0.038791,1.2711e-09,0.0023556,0.00055181,1.4199e-07,0.24506,0.00025167,0.1219,1.661e-07,0.24331,0.014458,0.040043,0.041727,1.1067e-06,0.32308,0.29258,0.38435,0.33954,0.66046,0.25003,0.52031,0.88989,0.83041,0.98212,0.52087,0.6734
0.57584,9.1478e-09,6.0543e-08,2.68e-05,4.8986e-05,0.00041998,0.040445,0.0063937,6.2784e-08,0.00018026,0.00038377,0.00039551,0.0074186,0.00018819,0.011972,0.042239,9.2563e-09,0.0044293,0.0022386,4.9675e-07,0.56477,0.00098508,0.11881,5.8283e-07,0.10065,0.041208,0.0436,0.013185,6.3529e-06,0.18974,0.080399,0.72986,0.69606,0.30394,0.43432,0.27559,0.96418,0.92224,0.95053,0.83907,0.35563
0.51005,5.4505e-09,5.7608e-09,2.7797e-05,5.676e-06,0.001392,0.022434,0.0010736,6.0105e-09,0.00025964,0.0012886,8.8777e-05,0.0027575,2.2686e-05,0.0026396,0.098425,5.5163e-09,0.0013178,0.0087809,1.3378e-07,0.59961,0.0022143,0.029526,1.5649e-07,0.09382,0.03086,0.10114,0.0023138,5.8475e-06,0.30514,0.033433,0.66143,0.844,0.156,0.47461,0.34947,0.98027,0.88736,0.95644,0.87825,0.30904
0.34274,1.8898e-08,3.1338e-09,8.6276e-05,2.1436e-06,0.0019785,0.0033576,0.00023815,3.2673e-09,0.00078938,0.0018292,7.8043e-05,0.00033429,7.6729e-06,0.00036014,0.055118,1.9077e-08,0.0012606,0.025218,2.2237e-07,0.75911,0.0056879,0.013835,2.6142e-07,0.018876,0.054827,0.056576,0.00041163,1.7952e-05,0.16049,0.01039,0.82912,0.96124,0.038762,0.56014,0.18919,0.96427,0.93391,0.91203,0.97699,0.13973
0.57139,1.2493e-08,3.2634e-10,0.00010116,2.8533e-07,0.01029,0.0018697,4.7495e-05,3.4184e-10,0.0013995,0.0090305,1.9236e-05,0.00013597,1.0756e-06,9.2378e-05,0.13359,1.2611e-08,0.00039621,0.12519,6.5177e-08,0.50837,0.017743,0.0035753,7.6464e-08,0.015369,0.036487,0.1362,8.5425e-05,1.9398e-05,0.43118,0.019974,0.54885,0.97841,0.021592,0.52849,0.32377,0.83752,0.8352,0.81865,0.98251,0.31353
0.58048,5.7306e-08,2.1301e-10,0.00040034,1.2928e-07,0.017382,0.00034085,1.2733e-05,2.2293e-10,0.0059148,0.016069,1.9625e-05,2.1268e-05,4.3652e-07,1.631e-05,0.060855,5.7277e-08,0.00041931,0.30875,1.332e-07,0.39528,0.065906,0.0017436,1.5701e-07,0.0033832,0.060785,0.062591,1.8931e-05,8.2298e-05,0.47543,0.066316,0.45825,0.99402,0.0059768,0.57937,0.18846,0.59184,0.84898,0.55772,0.99622,0.31845
0.39805,1.2354e-08,6.8616e-12,0.00015864,5.5769e-09,0.043345,6.5359e-05,8.5503e-07,7.201e-12,0.0040002,0.041208,1.584e-06,2.9037e-06,2.0202e-08,1.456e-06,0.049125,1.2293e-08,4.4487e-05,0.60723,1.225e-08,0.092214,0.097554,0.00017311,1.4431e-08,0.00094892,0.013569,0.050319,1.3701e-06,3.1319e-05,0.79637,0.097625,0.106,0.99876,0.0012401,0.58348,0.11422,0.21065,0.80672,0.27741,0.99898,0.51242
0.42984,2.4071e-08,1.6377e-12,0.00027585,9.4202e-10,0.033164,5.2167e-06,8.7862e-08,1.7167e-12,0.0098548,0.038586,6.2193e-07,1.8739e-07,3.093e-09,1.0571e-07,0.0096355,2.3373e-08,1.8712e-05,0.5999,9.6378e-09,0.03125,0.25745,3.5623e-05,1.1423e-08,9.7532e-05,0.0096834,0.0099759,1.2245e-07,6.5958e-05,0.70155,0.25746,0.040988,0.99984,0.00015828,0.63737,0.02974,0.070899,0.68379,0.12275,0.9999,0.51519
0.45569,3.4007e-09,3.6642e-14,6.6633e-05,2.6682e-11,0.061156,6.0825e-07,3.7317e-09,3.841e-14,0.0044302,0.095643,3.084e-08,1.5884e-08,9.2689e-11,5.9639e-09,0.0043659,3.2854e-09,1.2059e-06,0.54511,5.5941e-10,0.0044928,0.27891,2.2292e-06,6.6167e-10,1.6442e-05,0.0012633,0.0045243,5.6032e-09,1.6426e-05,0.71533,0.27891,0.0057595,0.99998,2.0555e-05,0.62794,0.010254,0.01918,0.61641,0.1702,0.99998,0.57546
0.51372,1.5645e-08,2.6114e-14,0.00019532,1.167e-11,0.039868,9.4747e-08,8.8766e-10,2.7301e-14,0.014051,0.067997,2.4468e-08,2.3534e-09,3.5028e-11,1.0114e-09,0.00097177,1.4905e-08,8.9606e-07,0.30621,1.022e-09,0.0016156,0.56703,8.0536e-07,1.2076e-09,2.8871e-06,0.00097314,0.0010145,1.1349e-09,6.253e-05,0.43038,0.56703,0.0025904,1,4.746e-06,0.69132,0.0032203,0.018888,0.34965,0.11147,1,0.54597
0.45136,5.678e-15,2.4764e-09,2.0862e-11,1.1336e-05,2.0228e-09,0.024832,0.015736,2.5006e-09,1.5429e-10,1.1644e-09,5.4909e-07,0.092371,7.8502e-05,0.65668,8.6058e-06,5.7211e-15,2.9632e-06,1.9428e-09,2.6863e-11,4.4974e-05,1.2382e-09,0.0015879,3.123e-11,0.0026239,1.5934e-06,8.755e-06,0.20602,5.3989e-12,0.0026413,0.99563,0.0017278,6.3934e-05,0.99994,0.042802,0.11985,0.12148,0.044928,0.99999,0.22348,0.62533
0.4564,1.0508e-14,7.4534e-10,7.0456e-11,4.2539e-06,1.5055e-08,0.10981,0.0073893,7.606e-10,6.6118e-10,1.0728e-08,4.7831e-07,0.2236,3.0638e-05,0.53368,6.0554e-05,1.0623e-14,3.6282e-06,1.5709e-08,2.5179e-11,0.00017661,7.5672e-09,0.0021127,2.9276e-11,0.015466,4.3707e-06,6.217e-05,0.10759,1.5594e-11,0.015589,0.98208,0.0023327,0.00030376,0.9997,0.044083,0.34901,0.3513,0.13506,0.99999,0.11743,0.62111
0.51846,3.6751e-13,4.8833e-09,2.0575e-09,1.9829e-05,1.8483e-07,0.16584,0.01874,4.95e-09,1.7245e-08,1.4937e-07,5.3362e-06,0.15863,0.00012761,0.42692,0.00042727,3.7334e-13,4.323e-05,3.3499e-07,4.7638e-10,0.0021582,1.5596e-07,0.015117,5.5891e-10,0.046727,6.8222e-05,0.0004401,0.16473,4.5059e-10,0.047595,0.93487,0.01754,0.0030946,0.99691,0.07167,0.37214,0.38946,0.24927,0.99988,0.20186,0.70458
0.48938,1.0444e-12,1.7927e-09,8.6875e-09,7.1198e-06,1.9392e-06,0.37155,0.0071294,1.8504e-09,9.0318e-08,1.6566e-06,4.4797e-06,0.17503,4.4545e-05,0.18236,0.0028638,1.0592e-12,4.7552e-05,3.089e-06,5.6789e-10,0.0066014,1.1316e-06,0.012659,6.626e-10,0.1835,0.00017077,0.0029691,0.05506,1.7646e-09,0.18934,0.79113,0.019534,0.012613,0.98739,0.1013,0.73608,0.75539,0.58458,0.99977,0.087553,0.81294
0.59402,5.3997e-11,1.4062e-08,2.9907e-07,3.0842e-05,2.7318e-05,0.28788,0.014386,1.4553e-08,2.6382e-06,2.3651e-05,4.6463e-05,0.090968,0.00016026,0.11626,0.015033,5.4734e-11,0.0004879,5.9152e-05,1.3348e-08,0.055286,2.4708e-05,0.055387,1.5602e-08,0.28435,0.0022506,0.015541,0.061789,6.5529e-08,0.31504,0.57131,0.11365,0.088249,0.91175,0.13216,0.69603,0.80724,0.71539,0.99713,0.22046,0.83031
0.47274,5.4001e-11,2.1246e-09,4.6932e-07,5.1646e-06,0.00011887,0.24429,0.0032203,2.2142e-09,5.3219e-06,0.00010774,1.5949e-05,0.045106,2.7178e-05,0.030175,0.047944,5.4653e-11,0.00021984,0.00025342,5.8742e-09,0.076545,7.2144e-05,0.020521,6.8407e-09,0.46642,0.0023192,0.049543,0.013085,9.3274e-08,0.5644,0.33595,0.099654,0.17691,0.82309,0.14399,0.85563,0.95293,0.8619,0.99711,0.21398,0.85829
0.77733,9.1491e-10,5.8891e-09,5.7624e-06,8.7764e-06,0.00063328,0.10067,0.0029222,6.1429e-09,5.7933e-05,0.00058187,6.0601e-05,0.015429,3.9743e-05,0.012748,0.1034,9.2582e-10,0.00084916,0.002134,4.674e-08,0.29917,0.00060982,0.037498,5.4505e-08,0.29597,0.012455,0.10654,0.008213,1.2e-06,0.50933,0.1406,0.35008,0.52559,0.47441,0.29837,0.63447,0.97211,0.85581,0.98383,0.57511,0.61862
0.57067,3.3974e-10,3.5877e-10,4.0361e-06,6.9869e-07,0.0017753,0.042127,0.00035526,3.7598e-10,5.801e-05,0.0015732,9.5505e-06,0.0041436,3.3676e-06,0.0020138,0.23275,3.4428e-10,0.00018278,0.0070458,8.1352e-09,0.2298,0.0010016,0.0073933,9.4807e-09,0.22592,0.0067123,0.23609,0.0010492,7.2309e-07,0.70521,0.050691,0.2441,0.7168,0.2832,0.33064,0.74774,0.98518,0.75407,0.98499,0.72579,0.63809
0.5981,2.2523e-09,3.8302e-10,2.1817e-05,4.9525e-07,0.004773,0.0093271,0.00014297,4.0146e-10,0.00030177,0.0041398,1.5041e-05,0.0007796,2.1054e-06,0.00045672,0.21527,2.2815e-09,0.00029942,0.034453,2.5459e-08,0.42003,0.0044184,0.0058421,2.9758e-08,0.063811,0.017292,0.21829,0.00032426,4.0158e-06,0.54107,0.015449,0.44349,0.919,0.081001,0.45411,0.5248,0.95129,0.77126,0.94319,0.92561,0.43283
0.51645,5.9201e-10,1.5842e-11,1.1217e-05,2.7741e-08,0.015609,0.0024182,1.252e-05,1.6668e-11,0.00024001,0.011534,1.636e-06,0.00014068,1.2667e-07,5.1603e-05,0.33334,5.9976e-10,4.3735e-05,0.10083,3.0478e-09,0.16275,0.0065859,0.00076433,3.5617e-09,0.025772,0.0059635,0.3339,2.9923e-05,1.8266e-06,0.82124,0.0092388,0.16953,0.97077,0.029235,0.42125,0.70155,0.86535,0.6475,0.88632,0.97162,0.61023
0.61662,4.0378e-09,1.624e-11,6.1002e-05,1.9013e-08,0.036909,0.00054086,4.9042e-06,1.7065e-11,0.0013277,0.0302,2.4202e-06,2.8365e-05,7.6708e-08,1.2404e-05,0.17463,4.0699e-09,6.5314e-05,0.35234,9.2978e-09,0.17494,0.032393,0.00052657,1.0899e-08,0.0064413,0.01272,0.17683,9.3322e-06,1.0765e-05,0.77876,0.032989,0.18826,0.99237,0.0076316,0.50794,0.37127,0.54813,0.75912,0.60108,0.99297,0.53007
0.45399,6.3648e-10,3.9221e-13,1.8053e-05,6.1457e-10,0.094911,7.7149e-05,2.4636e-07,4.1261e-13,0.00064361,0.075611,1.4759e-07,2.8805e-06,2.6602e-09,8.1744e-07,0.11737,6.3971e-10,5.2905e-06,0.52427,6.3675e-10,0.031561,0.033829,3.9963e-05,7.4562e-10,0.0013435,0.0022469,0.11806,5.0082e-07,2.9678e-06,0.93224,0.03391,0.033854,0.99853,0.0014705,0.51602,0.23912,0.27137,0.77183,0.43898,0.99858,0.62744
0.39391,1.3528e-09,1.1242e-13,3.268e-05,1.2168e-10,0.084183,6.4941e-06,2.902e-08,1.1807e-13,0.0015209,0.094285,6.4908e-08,2.0113e-07,4.7357e-10,6.6044e-08,0.022687,1.3374e-09,2.4472e-06,0.66516,5.6388e-10,0.012461,0.094692,9.2149e-06,6.6396e-10,0.00014135,0.0016929,0.023121,5.0512e-08,6.3037e-06,0.89114,0.094699,0.014166,0.99984,0.00015992,0.57787,0.047688,0.061682,0.78634,0.23689,0.99985,0.5928
0.45731,2.0554e-10,3.0196e-15,8.1196e-06,3.9338e-12,0.17149,7.6377e-07,1.3373e-09,3.1629e-15,0.00061741,0.25642,3.5078e-09,1.7853e-08,1.5923e-11,3.9325e-09,0.0094739,2.0316e-10,1.6736e-07,0.46895,3.6739e-11,0.0016822,0.081421,5.9568e-07,4.3042e-11,2.328e-05,0.0002228,0.0096805,2.4529e-09,1.5379e-06,0.91667,0.081422,0.0019058,0.99998,2.4836e-05,0.53917,0.019411,0.021711,0.65185,0.44878,0.99998,0.71744
0.49578,1.2177e-09,2.9605e-15,3.1963e-05,2.3673e-12,0.12562,1.5102e-07,4.2993e-10,3.0941e-15,0.0025945,0.25026,3.8276e-09,3.3667e-09,8.2805e-12,8.7716e-10,0.0025027,1.1895e-09,1.7301e-07,0.37046,9.0104e-11,0.00090723,0.24474,3.0103e-07,1.055e-10,5.1367e-06,0.00025563,0.0026091,6.6788e-10,7.538e-06,0.7541,0.24474,0.0011633,0.99999,5.7736e-06,0.58887,0.0054121,0.0089143,0.49976,0.3819,0.99999,0.6873
0.54908,1.7738e-15,4.4751e-10,1.1143e-11,2.4235e-06,5.6305e-09,0.071367,0.0047378,4.6258e-10,1.1177e-10,2.8842e-09,1.3902e-07,0.301,1.7086e-05,0.54452,2.077e-05,1.7632e-15,9.2197e-07,2.5968e-09,6.2007e-12,3.0418e-05,1.455e-09,0.0005339,7.1168e-12,0.0066457,8.5389e-07,2.1191e-05,0.071094,2.7143e-12,0.0066877,0.99273,0.00058574,7.3245e-05,0.99993,0.028627,0.37906,0.37962,0.083357,1,0.076457,0.57717
0.45742,1.4185e-15,6.5982e-11,1.6493e-11,4.8136e-07,1.8509e-08,0.21354,0.0014002,6.8504e-11,2.0865e-10,1.2163e-08,5.8421e-08,0.46956,3.6545e-06,0.26685,7.4228e-05,1.4178e-15,5.3945e-07,9.3797e-09,2.6206e-12,5.8837e-05,3.9637e-09,0.00036429,3.0127e-12,0.024148,1.0772e-06,7.6395e-05,0.023928,3.4066e-12,0.024298,0.97527,0.00042894,0.00021058,0.99979,0.051827,0.70739,0.70782,0.23959,1,0.025907,0.63169
0.49211,2.1091e-14,2.1632e-10,2.3253e-10,1.362e-06,1.2059e-07,0.33401,0.0027312,2.2346e-10,2.7482e-09,9.709e-08,3.5713e-07,0.30866,9.8826e-06,0.24097,0.00038701,2.1327e-14,3.6731e-06,1.2419e-07,2.3161e-11,0.00054304,4.4348e-08,0.001939,2.6875e-11,0.073106,1.0009e-05,0.0004013,0.037231,4.5789e-11,0.073894,0.9236,0.0025074,0.0013418,0.99866,0.081834,0.71657,0.71906,0.41274,0.99999,0.043256,0.72442
0.40706,2.7321e-14,4.0325e-11,4.6631e-10,2.6962e-07,6.3188e-07,0.51918,0.00065102,4.1968e-11,6.9088e-09,5.464e-07,1.5752e-07,0.1973,1.954e-06,0.057744,0.0015887,2.759e-14,2.138e-06,6.189e-07,1.3227e-11,0.0009252,1.5776e-07,0.00094285,1.5316e-11,0.21238,1.3004e-05,0.0016538,0.0076203,8.3355e-11,0.21562,0.78249,0.0018856,0.0041826,0.99582,0.11865,0.93211,0.93398,0.73568,0.99998,0.013401,0.87071
0.44111,1.3108e-12,3.2181e-10,1.6509e-08,1.3388e-06,9.9028e-06,0.40778,0.0016582,3.3504e-10,2.1604e-07,8.8548e-06,1.8155e-06,0.093327,8.3395e-06,0.044261,0.010639,1.3268e-12,2.5139e-05,1.4732e-05,3.0742e-10,0.010145,3.8459e-06,0.005333,3.5744e-10,0.40433,0.00020289,0.011035,0.011213,3.0758e-09,0.42604,0.55824,0.015718,0.03206,0.96794,0.10781,0.92732,0.94282,0.84015,0.99975,0.050298,0.91529
0.44068,1.083e-12,4.132e-11,2.1591e-08,1.9303e-07,4.0543e-05,0.26708,0.00032227,4.3183e-11,3.6574e-07,3.6719e-05,5.3261e-07,0.033395,1.2193e-06,0.0085266,0.035443,1.0948e-12,9.6341e-06,5.8559e-05,1.1329e-10,0.011252,9.6386e-06,0.0016549,1.3142e-10,0.60388,0.00017371,0.036207,0.0019113,3.6292e-09,0.67566,0.31125,0.013092,0.083221,0.91678,0.092899,0.97618,0.98909,0.91991,0.99975,0.08712,0.94946
0.62596,2.8661e-11,1.8306e-10,4.3423e-07,5.4794e-07,0.00038827,0.12962,0.00049932,1.9163e-10,6.6989e-06,0.00035063,3.3711e-06,0.014794,3.013e-06,0.0055858,0.13264,2.9019e-11,6.2415e-05,0.00089241,1.439e-09,0.071794,0.00014119,0.0051529,1.6732e-09,0.49956,0.0015581,0.13494,0.0020088,7.5592e-08,0.76878,0.15265,0.078575,0.34271,0.65729,0.17233,0.91311,0.99013,0.84217,0.99734,0.35044,0.84839
0.54607,8.4323e-12,8.9007e-12,2.387e-07,3.4562e-08,0.0011121,0.039734,4.8116e-05,9.3558e-12,5.2845e-06,0.0008645,4.1956e-07,0.0029444,2.0188e-07,0.00065679,0.30636,8.5493e-12,1.0554e-05,0.0025405,1.9814e-10,0.040162,0.00018754,0.00079872,2.3017e-10,0.29881,0.0006378,0.30492,0.00019672,3.5862e-08,0.91462,0.043768,0.041609,0.6568,0.3432,0.25712,0.95342,0.99439,0.69022,0.99662,0.65785,0.80356
0.43269,6.5999e-11,1.1276e-11,1.5632e-06,2.9822e-08,0.0043776,0.0093366,2.3869e-05,1.1869e-11,3.4055e-05,0.0031678,8.0738e-07,0.00060014,1.5481e-07,0.00017566,0.39055,6.6973e-11,2.1238e-05,0.017627,7.3821e-10,0.091596,0.0010669,0.00080228,8.6043e-10,0.089641,0.0019754,0.38892,7.4605e-05,2.4077e-07,0.89433,0.011278,0.094395,0.89932,0.10068,0.35519,0.88103,0.97349,0.60595,0.97927,0.90025,0.70217
0.19889,1.0316e-11,2.8366e-13,4.6e-07,9.82e-10,0.01227,0.0013023,1.2041e-06,2.9927e-13,1.5113e-05,0.0062779,5.0984e-08,5.8968e-05,5.4192e-09,1.0865e-05,0.45331,1.0474e-11,1.7842e-06,0.032571,5.242e-11,0.02053,0.00089979,6.0163e-05,6.0997e-11,0.020047,0.00038291,0.45226,3.8406e-06,6.2912e-08,0.97675,0.002277,0.020975,0.97851,0.021487,0.36693,0.92736,0.94797,0.54047,0.96613,0.97858,0.73617
0.44583,1.2377e-10,5.2074e-13,4.3762e-06,1.2076e-09,0.051838,0.00043907,8.3881e-07,5.4884e-13,0.00014418,0.031943,1.3472e-07,1.8544e-05,5.882e-09,4.3707e-06,0.33228,1.2533e-10,4.7472e-06,0.19747,2.8359e-10,0.038664,0.0077256,7.4544e-05,3.3089e-10,0.0067701,0.0014053,0.33122,2.0841e-06,6.4702e-07,0.95166,0.0081906,0.040148,0.99269,0.0073144,0.42024,0.67213,0.71102,0.62894,0.79324,0.99277,0.69156
0.55288,3.0784e-11,2.1842e-14,1.8098e-06,6.2186e-11,0.17722,7.7266e-05,6.2277e-08,2.2961e-14,8.5977e-05,0.10503,1.227e-08,2.5205e-06,3.1549e-10,3.9629e-07,0.22342,3.1188e-11,5.4708e-07,0.25362,3.1068e-11,0.0078071,0.0085491,7.605e-06,3.6074e-11,0.0015796,0.0003108,0.22229,1.5688e-07,2.4852e-07,0.98324,0.0086295,0.0081261,0.99833,0.0016681,0.4254,0.44768,0.45558,0.66404,0.73743,0.99834,0.74956
0.47926,8.3366e-11,8.5754e-15,4.0772e-06,1.6756e-11,0.21884,8.1413e-06,9.8536e-09,8.9997e-15,0.0002329,0.19842,7.1174e-09,2.2387e-07,7.6202e-11,4.2028e-08,0.050833,8.3693e-11,3.2948e-07,0.44929,3.6139e-11,0.0041057,0.026802,2.3288e-06,4.2155e-11,0.00020187,0.00028828,0.050968,2.1067e-08,6.3584e-07,0.96879,0.026811,0.0043966,0.99979,0.00021297,0.49394,0.1023,0.10665,0.72357,0.52338,0.99979,0.73184
0.29554,1.417e-11,3.0977e-16,9.6654e-07,6.5764e-13,0.34371,8.3905e-07,4.8787e-10,3.2351e-16,7.3591e-05,0.40877,4.1891e-10,1.921e-08,2.9975e-12,2.5299e-09,0.014275,1.4292e-11,2.2911e-08,0.20316,2.7827e-12,0.00043734,0.015118,1.4464e-07,3.2148e-12,2.6714e-05,3.2859e-05,0.014395,1.0542e-09,1.4283e-07,0.98441,0.015119,0.00047037,0.99997,2.7744e-05,0.4501,0.028731,0.029242,0.56164,0.78162,0.99997,0.88312
0.41406,7.2296e-11,2.7712e-16,3.4601e-06,3.6869e-13,0.24752,1.5318e-07,1.4625e-10,2.8941e-16,0.00028805,0.49005,4.2652e-10,3.2898e-09,1.4637e-12,5.2415e-10,0.0035908,7.2359e-11,2.2475e-08,0.20347,6.1442e-12,0.00026298,0.051056,7.1532e-08,7.0983e-12,5.5153e-06,3.8913e-05,0.0037148,2.7046e-10,6.0904e-07,0.94864,0.051056,0.00030199,0.99999,5.7673e-06,0.49442,0.0073542,0.0079053,0.45488,0.74514,0.99999,0.87029
0.39439,6.8624e-16,9.7815e-11,6.5199e-12,5.893e-07,1.5918e-08,0.1291,0.0017694,1.0152e-10,8.7123e-11,6.8372e-09,3.9568e-08,0.57432,4.1408e-06,0.26185,4.2196e-05,6.6905e-16,3.1125e-07,3.3952e-09,1.6957e-12,1.7403e-05,1.7047e-09,0.00017751,1.9195e-12,0.011654,4.6438e-07,4.3185e-05,0.021026,1.5746e-12,0.01174,0.98806,0.00020046,0.00010328,0.9999,0.032561,0.71516,0.71535,0.14277,1,0.02308,0.58187
0.3818,3.6759e-16,1.0416e-11,6.2851e-12,8.556e-08,3.3507e-08,0.27,0.0004031,1.0809e-11,1.0372e-10,1.8549e-08,1.1368e-08,0.60691,6.5055e-07,0.088288,9.8291e-05,3.5999e-16,1.218e-07,7.4003e-09,4.8675e-13,2.0976e-05,2.9723e-09,7.8864e-05,5.5331e-13,0.028823,3.7225e-07,0.00010107,0.005273,1.2856e-12,0.029022,0.97088,0.00010108,0.00022077,0.99978,0.061044,0.90594,0.90604,0.29942,1,0.0059765,0.65233
0.4002,1.3589e-15,1.0207e-11,2.6207e-11,8.7954e-08,7.1914e-08,0.4445,0.0003425,1.0627e-11,4.1644e-10,5.5119e-08,2.3098e-08,0.39803,6.8942e-07,0.073475,0.00026868,1.3598e-15,2.8751e-07,3.7222e-08,1.1971e-12,9.6298e-05,1.131e-08,0.0001886,1.3763e-12,0.077376,1.2501e-06,0.00027924,0.0054461,4.7825e-12,0.077924,0.92179,0.00028724,0.00064565,0.99935,0.10003,0.92045,0.92074,0.52277,1,0.0066239,0.76401
0.45778,1.8905e-15,2.1807e-12,5.4408e-11,2.0038e-08,3.8275e-07,0.57117,9.8374e-05,2.2688e-12,1.0654e-09,3.1736e-07,1.1149e-08,0.19659,1.5626e-07,0.015951,0.0011369,1.8869e-15,1.793e-07,1.82e-07,7.4467e-13,0.00015437,4.0511e-08,9.4994e-05,8.553e-13,0.21243,1.6384e-06,0.0011819,0.0011912,9.0983e-12,0.21475,0.785,0.00025137,0.0024758,0.99752,0.12809,0.98251,0.98276,0.78509,1,0.0038607,0.89298
0.46167,3.2e-14,7.0701e-12,8.1485e-10,4.9694e-08,3.117e-06,0.45675,0.00015024,7.3755e-12,1.5096e-08,2.7813e-06,6.104e-08,0.07581,3.5719e-07,0.010866,0.0061007,3.2234e-14,1.0654e-06,2.7842e-06,6.7707e-12,0.0012154,4.9202e-07,0.00036072,7.8241e-12,0.44106,1.3963e-05,0.0062854,0.0013728,1.3376e-10,0.45346,0.54495,0.0015916,0.013625,0.98638,0.10704,0.98602,0.9876,0.90566,0.99998,0.01551,0.95229
0.46167,5.1077e-14,1.7842e-12,1.882e-09,1.3161e-08,2.1802e-05,0.26625,5.0943e-05,1.8606e-12,4.3298e-08,1.9188e-05,3.2009e-08,0.026893,9.3338e-08,0.0026465,0.028818,5.1268e-14,7.0106e-07,1.5859e-05,4.7451e-12,0.0017188,2.0173e-06,0.00017148,5.4643e-12,0.64385,1.8633e-05,0.029169,0.00034913,2.8648e-10,0.7019,0.29619,0.0019098,0.059783,0.94022,0.08128,0.995,0.99689,0.94092,0.99996,0.060356,0.9689
0.4765,7.8818e-13,4.9217e-12,2.5802e-08,2.696e-08,0.00018959,0.12311,6.3539e-05,5.1566e-12,5.8104e-07,0.0001599,1.4581e-07,0.010474,1.748e-07,0.0016564,0.12644,7.9634e-13,3.4424e-06,0.00024463,3.7549e-11,0.010659,2.3622e-05,0.00048456,4.3442e-11,0.59953,0.0001364,0.12649,0.00033724,3.8705e-09,0.85305,0.13566,0.011283,0.26434,0.73566,0.12573,0.98618,0.99732,0.86086,0.99959,0.26523,0.91976
0.57479,4.0366e-13,4.271e-13,2.1486e-08,2.7309e-09,0.00079255,0.035239,9.0733e-06,4.4794e-13,6.4573e-07,0.00054451,2.7966e-08,0.0022646,1.8148e-08,0.00023716,0.32137,4.0762e-13,8.5018e-07,0.00074072,8.7768e-12,0.006231,4.1453e-05,9.898e-05,1.0113e-11,0.31388,7.1205e-05,0.31844,4.3835e-05,2.8911e-09,0.95576,0.037835,0.0064021,0.64823,0.35177,0.24379,0.99126,0.99759,0.67843,0.99915,0.64838,0.83284
0.21538,1.4253e-12,2.496e-13,7.3471e-08,1.2275e-09,0.0027675,0.0058389,2.5684e-06,2.6296e-13,2.3512e-06,0.0014907,2.8647e-08,0.00029627,7.5525e-09,4.1056e-05,0.4482,1.4465e-12,9.5784e-07,0.0045645,1.5417e-11,0.010581,0.00014762,6.4573e-05,1.7867e-11,0.079992,0.00013387,0.44587,1.0427e-05,9.7003e-09,0.98288,0.0063368,0.010781,0.91375,0.086247,0.33512,0.98033,0.99098,0.55214,0.99515,0.91383,0.76382
0.15305,4.1044e-13,1.2503e-14,3.3166e-08,7.05e-11,0.009969,0.00085431,2.0174e-07,1.3142e-14,1.4088e-06,0.0037119,2.9415e-09,3.5076e-05,4.4082e-10,3.362e-06,0.47705,4.166e-13,1.2224e-07,0.0073026,1.9952e-12,0.0024569,0.00014624,6.6467e-06,2.2985e-12,0.015921,3.2863e-05,0.4825,7.5745e-07,4.0206e-09,0.99646,0.0010399,0.0024965,0.98318,0.016821,0.35692,0.9764,0.97887,0.5136,0.99252,0.98319,0.75251
0.36752,3.7136e-12,1.7471e-14,2.6567e-07,7.1774e-11,0.054923,0.00027206,1.2343e-07,1.8385e-14,1.1896e-05,0.02321,6.5972e-09,9.9761e-06,4.0702e-10,1.2511e-06,0.42663,3.774e-12,2.8727e-07,0.056445,8.3972e-12,0.0053189,0.0012131,8.0289e-06,9.7159e-12,0.0052041,0.00011505,0.42663,3.7892e-07,3.3548e-08,0.99306,0.0014969,0.0054423,0.9945,0.0054963,0.37205,0.85887,0.86421,0.54892,0.94221,0.99451,0.7524
0.47734,3.1386e-12,2.9174e-15,2.9415e-07,1.2662e-11,0.22877,9.3148e-05,2.6462e-08,3.0492e-15,1.5387e-05,0.10469,1.8315e-09,3.1046e-06,7.0814e-11,2.8702e-07,0.29387,3.1926e-12,9.2223e-08,0.074035,3.1911e-12,0.0018924,0.0022012,2.0497e-06,3.6572e-12,0.0019016,5.5968e-05,0.29246,7.5854e-08,3.534e-08,0.99575,0.0022978,0.0019505,0.998,0.0020004,0.36895,0.58839,0.5903,0.60062,0.92369,0.998,0.81368
0.50031,8.0083e-12,1.1356e-15,6.5637e-07,3.5383e-12,0.39178,1.1003e-05,4.4899e-09,1.1865e-15,3.9685e-05,0.26532,1.0939e-09,3.017e-07,1.7989e-11,3.3472e-08,0.083722,8.1339e-12,5.7813e-08,0.16766,3.6389e-12,0.0011769,0.0064855,6.919e-07,4.1879e-12,0.00027853,5.3888e-05,0.083463,1.1168e-08,8.4896e-08,0.99227,0.0064969,0.0012316,0.99971,0.00029063,0.40314,0.16753,0.16875,0.64469,0.82576,0.99971,0.86992
0.26723,3.004e-12,1.1077e-16,2.6523e-07,3.3355e-13,0.47709,1.6254e-06,4.3968e-10,1.1557e-16,1.6575e-05,0.41794,1.3466e-10,4.3175e-08,1.6297e-12,3.6936e-09,0.020091,3.0544e-12,7.6682e-09,0.060844,6.5576e-13,0.0001546,0.0035179,7.5685e-08,7.448e-13,4.5914e-05,9.1896e-06,0.02029,1.0671e-09,3.3075e-08,0.99632,0.0035196,0.00016387,0.99995,4.7671e-05,0.39282,0.040439,0.04061,0.55824,0.93561,0.99995,0.95749
0.29323,7.6893e-12,5.1882e-17,5.1866e-07,1.0327e-13,0.35287,1.8725e-07,7.6253e-11,5.4234e-17,3.6146e-05,0.56483,7.6737e-11,4.426e-09,4.4862e-13,4.5573e-10,0.0041154,7.8035e-12,4.3217e-09,0.065635,7.6288e-13,6.887e-05,0.0081993,2.2898e-08,8.6656e-13,6.3343e-06,6.8264e-06,0.0042323,1.6304e-10,7.2066e-08,0.99172,0.0081995,7.5724e-05,0.99999,6.554e-06,0.44179,0.0083617,0.0084667,0.4227,0.92612,0.99999,0.96085
