0.099302,1.4258e-06,3.6799e-08,4.9632e-08,4.7811e-07,0.0015922,1.7118e-06,0.0013144,0.00037939,2.1622e-06,4.0771e-09,0.00037968,1.4296e-07,1.2308e-08,0.40972,0.56254,0.024075,4.589e-08,0.00038337,0.0032881,0.99633,0.0029102,0.99709,0.99709,0.99633,0.97225,0.0029102,0.0036675,0.97226,0.0029102,5.7048e-07
0.20823,9.7841e-06,2.4139e-07,3.9224e-07,3.5871e-06,0.0075316,9.8016e-06,0.0059245,0.0017998,1.2126e-05,7.2015e-10,0.0010036,4.7702e-07,5.9599e-08,0.41871,0.51698,0.04801,1.4526e-07,0.0010274,0.015268,0.9837,0.01348,0.98652,0.98652,0.9837,0.93569,0.01348,0.01627,0.93571,0.013479,4.123e-06
0.20823,8.3361e-05,1.3975e-06,2.2444e-06,2.5695e-05,0.042066,9.951e-05,0.030995,0.0029953,2.7228e-05,5.6581e-09,0.0009123,4.0534e-07,1.0491e-07,0.40313,0.47436,0.04531,1.6669e-07,0.0011245,0.076084,0.92279,0.073274,0.92673,0.92673,0.92279,0.87748,0.073274,0.077069,0.87751,0.07327,2.8099e-05
0.81513,0.00064544,1.3132e-05,2.2393e-05,0.00022571,0.17025,0.00064541,0.12497,0.01229,0.00016659,3.2567e-08,0.002209,1.443e-06,6.7625e-07,0.29087,0.32566,0.072027,6.6191e-07,0.0037611,0.30768,0.68856,0.29677,0.70323,0.70323,0.68856,0.61653,0.29677,0.31037,0.6167,0.29674,0.00024875
0.82516,0.0020403,2.6654e-05,4.542e-05,0.00058709,0.38967,0.0024731,0.26071,0.0078212,0.00013633,3.7949e-08,0.00085118,5.0882e-07,4.2982e-07,0.14464,0.15849,0.03251,2.8319e-07,0.0060236,0.65834,0.33564,0.65555,0.34445,0.34445,0.33564,0.30313,0.65555,0.66153,0.30327,0.65548,0.00063276
0.25729,0.0042146,5.4406e-05,0.00010383,0.001328,0.52042,0.0043082,0.36793,0.0081507,0.00018464,7.6916e-08,0.00048034,3.7356e-07,5.5839e-07,0.038374,0.041211,0.013245,2.2603e-07,0.010489,0.89668,0.092831,0.89835,0.10165,0.10165,0.09283,0.079585,0.89835,0.90128,0.07977,0.8982,0.0014321
0.14638,0.0061721,3.8715e-05,7.8412e-05,0.0014751,0.566,0.0081623,0.39329,0.0021443,5.5368e-05,3.3481e-08,7.5921e-05,4.8544e-08,1.2105e-07,0.0096653,0.010166,0.0026743,3.2464e-08,0.016002,0.96149,0.022506,0.97522,0.024781,0.024781,0.022505,0.019831,0.97522,0.96968,0.019887,0.9751,0.0015535
0.1384,0.015497,7.7324e-05,0.00018675,0.0039236,0.46879,0.017191,0.48666,0.0019251,6.7736e-05,6.7701e-08,3.6456e-05,2.9076e-08,1.3883e-07,0.0023233,0.0023904,0.00093285,2.2144e-08,0.036912,0.95744,0.0056467,0.99232,0.0076761,0.0076761,0.0056465,0.0047139,0.99232,0.9746,0.0047817,0.99206,0.0041104
0.1384,0.042559,0.00010692,0.00026642,0.0078886,0.42569,0.065803,0.45435,0.00082918,3.731e-05,5.7805e-08,1.1239e-05,7.5992e-09,5.9382e-08,0.0010449,0.0010541,0.00035627,6.5804e-09,0.11664,0.88091,0.0024554,0.99667,0.0033332,0.0033332,0.0024553,0.0020992,0.99667,0.94669,0.0021365,0.99629,0.008155
0.41025,0.14301,0.00032141,0.00091829,0.028333,0.29353,0.17361,0.3586,0.00082275,5.9468e-05,1.854e-07,6.9389e-06,6.3076e-09,9.6419e-08,0.00031558,0.00031584,0.00015463,6.2667e-09,0.34621,0.65301,0.00078615,0.99832,0.0016755,0.0016755,0.00078604,0.0006317,0.99832,0.82657,0.00069118,0.99708,0.029252
0.43115,0.21871,0.0003152,0.0008525,0.032154,0.16766,0.3999,0.17987,0.00025607,2.4197e-05,1.2604e-07,1.7466e-06,1.5606e-09,3.3769e-08,0.00010968,0.00011038,4.6119e-05,1.6393e-09,0.65193,0.34781,0.00026622,0.99945,0.00054835,0.00054835,0.00026618,0.00022022,0.99945,0.74768,0.00024442,0.99828,0.033006
0.35526,0.35138,0.00043909,0.0013033,0.051564,0.05544,0.48192,0.05778,0.00010751,1.6852e-05,1.9444e-07,4.9553e-07,6.4693e-10,2.5718e-08,1.6004e-05,1.6212e-05,9.1383e-06,8.0909e-10,0.88661,0.11334,4.1381e-05,0.99983,0.00016643,0.00016643,4.1354e-05,3.2436e-05,0.99983,0.59525,4.9289e-05,0.99809,0.052868
0.27467,0.29332,0.00038654,0.00097171,0.036769,0.025992,0.61834,0.024157,3.5123e-05,7.1563e-06,1.3828e-07,1.4475e-07,7.5133e-10,1.1332e-08,6.1754e-06,6.3777e-06,3.0382e-06,1.0495e-09,0.94979,0.050191,1.56e-05,0.99994,5.816e-05,5.816e-05,1.5589e-05,1.2699e-05,0.99994,0.66853,1.9856e-05,0.99858,0.037741
0.16338,2.2446e-06,9.6057e-08,1.4803e-07,1.0066e-06,0.0020608,1.9233e-06,0.0017428,0.001688,1.0798e-05,1.4238e-09,0.0020001,1.2286e-06,7.6715e-08,0.39667,0.51355,0.082278,2.9927e-07,0.0020056,0.0055024,0.99249,0.003809,0.99619,0.99619,0.99249,0.91021,0.003809,0.0074952,0.91022,0.0038088,1.4509e-06
0.24494,1.9191e-05,9.8217e-07,1.6273e-06,9.7612e-06,0.0099614,1.3576e-05,0.0083364,0.0093332,8.0418e-05,5.5933e-09,0.0060266,5.4037e-06,5.7863e-07,0.36509,0.43279,0.16833,1.429e-06,0.0060717,0.027711,0.96622,0.018343,0.98166,0.98166,0.96621,0.79788,0.018343,0.033679,0.79797,0.01834,1.2817e-05
0.35002,0.00011445,3.5735e-06,6.0971e-06,4.8138e-05,0.044062,9.5564e-05,0.034701,0.011439,0.00011753,1.1952e-08,0.0036302,2.6643e-06,6.1539e-07,0.37242,0.42534,0.10802,9.402e-07,0.0038981,0.09032,0.90578,0.079031,0.92097,0.92097,0.90578,0.79776,0.079031,0.093932,0.79788,0.079021,5.5172e-05
0.72646,0.00090945,3.8994e-05,6.7998e-05,0.00044824,0.15463,0.0006316,0.12641,0.045238,0.00077556,1.4993e-07,0.0083945,1.0054e-05,4.5122e-06,0.24353,0.26856,0.15035,4.3194e-06,0.010491,0.32705,0.66246,0.28313,0.71687,0.71687,0.66244,0.51209,0.28313,0.33532,0.51288,0.28303,0.00052056
0.77902,0.0026469,6.5669e-05,0.00011861,0.0010609,0.35915,0.0021985,0.27619,0.026141,0.00052931,1.5514e-07,0.0027094,2.6391e-06,2.2458e-06,0.12959,0.14097,0.058619,1.3856e-06,0.0088001,0.66201,0.32919,0.64143,0.35857,0.35857,0.32918,0.27056,0.64143,0.6664,0.2711,0.64125,0.0011809
0.34765,0.006717,0.0001967,0.00038089,0.0031196,0.4375,0.0045545,0.4043,0.033325,0.00099252,5.384e-07,0.0019126,2.7531e-06,4.3289e-06,0.038409,0.04071,0.027866,1.6531e-06,0.016881,0.87612,0.10699,0.85678,0.14322,0.14322,0.10699,0.079124,0.85678,0.88161,0.080121,0.8562,0.0035021
0.14127,0.0085445,0.00010527,0.00022903,0.0030043,0.47993,0.0071648,0.47138,0.007289,0.00022598,1.6143e-07,0.00022721,2.3826e-07,6.5874e-07,0.0085188,0.008937,0.004436,1.6115e-07,0.019275,0.95883,0.021893,0.97036,0.029635,0.029635,0.021892,0.017457,0.97036,0.966,0.017683,0.97003,0.0032335
0.14663,0.025875,0.00033564,0.00082377,0.010565,0.38225,0.016832,0.54753,0.008176,0.00040659,5.5822e-07,0.00014836,2.2402e-07,1.1869e-06,0.0025162,0.0025683,0.0019695,1.7416e-07,0.05458,0.93836,0.0070556,0.98421,0.015787,0.015787,0.007054,0.0050863,0.98421,0.95494,0.0054932,0.98305,0.011389
0.16745,0.060245,0.00029007,0.00080272,0.017049,0.36196,0.051372,0.50363,0.0023777,0.00013669,2.6908e-07,2.7313e-05,3.041e-08,2.8176e-07,0.00080687,0.0008132,0.00048231,2.6694e-08,0.12979,0.86811,0.0021027,0.99536,0.0046447,0.0046447,0.0021024,0.0016206,0.99536,0.91937,0.0017574,0.99426,0.017852
0.4498,0.2077,0.0011589,0.0035246,0.069177,0.24848,0.12588,0.3405,0.0025246,0.00026342,1.1499e-06,1.9533e-05,3.2164e-08,5.8402e-07,0.00026876,0.00026881,0.0002332,3.3222e-08,0.40746,0.59177,0.00077142,0.99642,0.0035802,0.0035802,0.00077077,0.0005393,0.99642,0.71741,0.00080278,0.99174,0.072702
0.4038,0.33485,0.00074352,0.0023403,0.071963,0.13699,0.2893,0.16303,0.00052922,6.623e-05,4.5893e-07,2.9795e-06,3.9364e-09,1.1564e-07,6.6173e-05,6.629e-05,4.5664e-05,4.5513e-09,0.6992,0.30062,0.00017825,0.99922,0.00077714,0.00077714,0.00017813,0.00013304,0.99922,0.58986,0.00019928,0.99614,0.074303
0.31433,0.50746,0.0011837,0.0040238,0.12451,0.040106,0.27868,0.04376,0.00020965,4.7235e-05,7.8564e-07,8.3934e-07,1.6956e-09,9.3621e-08,9.274e-06,9.3611e-06,8.7446e-06,2.2934e-09,0.91585,0.084124,2.7477e-05,0.99971,0.00028598,0.00028598,2.738e-05,1.9514e-05,0.99971,0.36275,6.6753e-05,0.99451,0.12853
0.29774,0.46984,0.00069223,0.0021041,0.079526,0.017093,0.41414,0.016539,4.7029e-05,1.2919e-05,3.5673e-07,1.6164e-07,3.5283e-10,2.3314e-08,2.6537e-06,2.7216e-06,2.0341e-06,4.7357e-10,0.9663,0.033692,7.4334e-06,0.99993,6.79e-05,6.79e-05,7.4093e-06,5.7553e-06,0.99993,0.44782,1.8675e-05,0.99714,0.08163
0.39295,5.1177e-06,4.7691e-07,7.3208e-07,3.1884e-06,0.0030673,3.1738e-06,0.0026481,0.0089005,8.221e-05,6.1188e-09,0.013239,1.6639e-05,9.0923e-07,0.30385,0.3702,0.29798,3.674e-06,0.013252,0.014698,0.97205,0.005728,0.99427,0.99427,0.97203,0.67405,0.005728,0.027879,0.67415,0.0057268,7.5936e-06
0.39602,3.3293e-05,4.0509e-06,6.4928e-06,2.3967e-05,0.01037,1.6987e-05,0.0089655,0.037146,0.00048534,4.2276e-08,0.029463,5.6241e-05,5.591e-06,0.22416,0.25891,0.43035,1.4174e-05,0.029548,0.056967,0.91349,0.01942,0.98058,0.98058,0.91341,0.48307,0.01942,0.086037,0.48362,0.01941,4.4634e-05
0.48329,0.00018546,1.3177e-05,2.2272e-05,0.00011059,0.043486,0.00010922,0.036863,0.046795,0.00066413,8.3017e-08,0.016711,2.4648e-05,5.2814e-06,0.27595,0.31075,0.2683,8.1032e-06,0.017152,0.12781,0.85504,0.08079,0.91921,0.91921,0.855,0.58671,0.08079,0.144,0.58741,0.080755,0.00014097
0.61985,0.0011606,0.00012089,0.00020403,0.0008222,0.11536,0.00057018,0.10089,0.14465,0.0035321,9.6128e-07,0.029057,7.2282e-05,3.1952e-05,0.16145,0.17509,0.26694,3.0345e-05,0.031935,0.36444,0.60362,0.21913,0.78087,0.78087,0.60349,0.33658,0.21913,0.39067,0.34021,0.21881,0.0010566
0.74794,0.0038328,0.00022619,0.00040262,0.0022328,0.28664,0.002195,0.25449,0.095956,0.0026878,1.0733e-06,0.010285,1.9871e-05,1.722e-05,0.10928,0.11684,0.11489,1.0306e-05,0.019174,0.63977,0.34105,0.55002,0.44998,0.44998,0.341,0.22614,0.55002,0.64961,0.22885,0.54939,0.0026457
0.57905,0.010878,0.00087493,0.0016023,0.007597,0.33927,0.0050478,0.34924,0.13482,0.0061461,5.0262e-06,0.0082906,2.5403e-05,4.2406e-05,0.037714,0.039159,0.059272,1.5738e-05,0.034291,0.82948,0.13623,0.71451,0.28549,0.28549,0.13614,0.076921,0.71451,0.83676,0.083108,0.71204,0.009215
0.19894,0.016597,0.00058414,0.0012199,0.0091784,0.39701,0.008911,0.49319,0.036835,0.0017373,1.8285e-06,0.0012063,2.6065e-06,7.7809e-06,0.010742,0.011072,0.011705,1.8162e-06,0.037697,0.92877,0.033532,0.92669,0.073312,0.073312,0.033519,0.021824,0.92669,0.93716,0.023565,0.92488,0.0104
0.29608,0.049454,0.0022967,0.0051732,0.033794,0.34365,0.020355,0.48494,0.042622,0.0036449,8.0915e-06,0.00089712,2.9845e-06,1.7428e-05,0.0036847,0.0037252,0.0057339,2.4705e-06,0.11197,0.87486,0.013167,0.93966,0.060339,0.060339,0.013144,0.0074354,0.93966,0.89249,0.011086,0.93219,0.03897
0.29512,0.09656,0.001568,0.00423,0.048116,0.31431,0.04621,0.47451,0.010347,0.00095161,2.8367e-06,0.00012529,2.855e-07,2.9771e-06,0.00097186,0.00097631,0.0011083,2.6272e-07,0.19681,0.80013,0.00306,0.98551,0.014487,0.014487,0.0030565,0.001954,0.98551,0.84552,0.0029062,0.97971,0.052346
0.41675,0.25703,0.0057199,0.016959,0.16385,0.20039,0.086126,0.25821,0.0089954,0.0015899,1.1113e-05,7.6864e-05,2.6655e-07,5.5208e-06,0.00028885,0.00028978,0.00045706,2.9287e-07,0.52975,0.4692,0.0010418,0.98828,0.011715,0.011715,0.0010357,0.00059526,0.98828,0.55382,0.0021857,0.96561,0.1808
0.37359,0.41873,0.0027937,0.0093784,0.17059,0.10442,0.16562,0.12656,0.0014468,0.00028094,2.9231e-06,7.8425e-06,1.9545e-08,6.9385e-07,5.2653e-05,5.2815e-05,6.3393e-05,2.3905e-08,0.76712,0.23271,0.0001696,0.99809,0.0019081,0.0019081,0.00016886,0.00010908,0.99809,0.39806,0.00039007,0.98592,0.17997
0.28929,0.51159,0.0044008,0.0164,0.28745,0.027317,0.12308,0.029045,0.00049875,0.00018254,4.8178e-06,1.984e-06,7.6669e-09,5.2185e-07,6.7645e-06,6.8437e-06,1.0875e-05,1.1113e-08,0.94293,0.057048,2.5024e-05,0.99929,0.00071311,0.00071311,2.4483e-05,1.8948e-05,0.99929,0.17995,0.00020151,0.97849,0.30385
0.30462,0.57583,0.0020545,0.0069663,0.19806,0.011546,0.19418,0.011232,8.7814e-05,3.6771e-05,1.5754e-06,2.7806e-07,9.1578e-10,8.9606e-08,1.5542e-06,1.5908e-06,1.9465e-06,1.4501e-09,0.97709,0.022905,5.1834e-06,0.99987,0.00013162,0.00013162,5.0914e-06,4.8099e-06,0.99987,0.21704,4.1583e-05,0.99085,0.20503
0.35761,7.6262e-06,1.6799e-06,2.4744e-06,6.6576e-06,0.0028062,3.516e-06,0.0024178,0.02683,0.00040149,3.3039e-08,0.052435,0.00014338,7.4068e-06,0.14928,0.17278,0.59285,3.0978e-05,0.052457,0.032456,0.91509,0.0052459,0.99475,0.99475,0.91491,0.32206,0.0052459,0.084674,0.32264,0.0052417,4.0108e-05
0.35811,3.49e-05,1.0433e-05,1.5832e-05,3.5443e-05,0.0066319,1.3186e-05,0.0057419,0.085983,0.0017555,2.3616e-07,0.087187,0.00035871,3.3627e-05,0.092561,0.10338,0.61617,8.7751e-05,0.087297,0.10011,0.81259,0.012484,0.98752,0.98752,0.81211,0.19598,0.012484,0.18604,0.19818,0.012457,0.00013902
0.49232,0.00021777,3.8185e-05,6.1541e-05,0.00018509,0.03063,9.2665e-05,0.026678,0.13261,0.0027883,5.0623e-07,0.054865,0.0001731,3.5588e-05,0.1445,0.15965,0.44742,5.5283e-05,0.05546,0.19271,0.75183,0.057903,0.9421,0.9421,0.75157,0.30419,0.057903,0.24514,0.3072,0.057803,0.00030191
0.53541,0.001004,0.00026331,0.00042046,0.0010184,0.061413,0.0003572,0.054348,0.32756,0.011269,4.4409e-06,0.069692,0.00037039,0.00016081,0.075506,0.080224,0.31624,0.00015244,0.072756,0.45459,0.47265,0.11882,0.88118,0.88118,0.47197,0.1559,0.11882,0.51406,0.16769,0.11814,0.0015913
0.63228,0.0043565,0.00066711,0.0011244,0.0036995,0.18374,0.0017715,0.16979,0.27544,0.011297,6.6774e-06,0.030989,0.00012802,0.00011431,0.071248,0.07469,0.17087,6.7232e-05,0.042608,0.64027,0.31712,0.36515,0.63485,0.63485,0.31681,0.14606,0.36515,0.66205,0.15755,0.36335,0.0048912
0.67498,0.011859,0.0026828,0.0045528,0.01226,0.20628,0.0039327,0.20306,0.36925,0.026147,3.2922e-05,0.024028,0.00016234,0.00028954,0.025965,0.026604,0.082791,0.00010494,0.059315,0.80477,0.13592,0.44463,0.55537,0.55537,0.13536,0.052891,0.44463,0.80714,0.079305,0.43739,0.016918
0.41114,0.028189,0.0031798,0.0060499,0.024208,0.3247,0.010382,0.3759,0.15612,0.012559,2.1522e-05,0.0059056,2.8654e-05,9.3424e-05,0.012544,0.012763,0.027334,2.131e-05,0.077915,0.8693,0.052784,0.77261,0.22739,0.22739,0.05264,0.025422,0.77261,0.87317,0.038031,0.76338,0.030279
0.49344,0.070265,0.011814,0.02374,0.076431,0.27812,0.020203,0.31401,0.15574,0.024304,9.1725e-05,0.0040381,3.0767e-05,0.00019884,0.0042968,0.0043443,0.012344,2.7628e-05,0.20649,0.77227,0.021242,0.79458,0.20542,0.20542,0.020985,0.0089316,0.79458,0.77246,0.033294,0.75903,0.1002
0.4201,0.13685,0.0092288,0.022574,0.12013,0.27101,0.042072,0.34226,0.042776,0.0071279,3.5991e-05,0.00063344,3.2456e-06,3.7679e-05,0.0012751,0.0012835,0.0027005,3.2249e-06,0.33149,0.66321,0.0053033,0.94412,0.055877,0.055877,0.0052591,0.0026323,0.94412,0.69883,0.0097667,0.91232,0.14271
0.43529,0.23983,0.024597,0.06861,0.28706,0.13919,0.052838,0.15146,0.026171,0.0084475,0.00010085,0.00027227,2.1041e-06,4.9147e-05,0.000285,0.00028797,0.00079285,2.4992e-06,0.67321,0.32537,0.0014196,0.96359,0.036411,0.036411,0.0013658,0.00072297,0.96359,0.37009,0.0091751,0.87038,0.35567
0.34442,0.37691,0.011622,0.039868,0.33344,0.071252,0.082345,0.078976,0.0039973,0.0013469,2.3101e-05,2.4066e-05,1.2637e-07,5.2145e-06,4.6361e-05,4.6758e-05,9.7689e-05,1.6551e-07,0.84421,0.1556,0.00019631,0.99441,0.0055877,0.0055877,0.00019081,0.00012143,0.99441,0.23662,0.0014687,0.94292,0.37331
0.27428,0.34602,0.016866,0.06656,0.48649,0.016846,0.048645,0.016603,0.0011596,0.00074889,3.3577e-05,5.1102e-06,4.1124e-08,3.3359e-06,5.2336e-06,5.3233e-06,1.4251e-05,6.418e-08,0.96458,0.035391,2.8249e-05,0.99802,0.0019754,0.0019754,2.4808e-05,4.747e-05,0.99802,0.083296,0.00079647,0.9146,0.55305
0.30535,0.45985,0.0076391,0.027612,0.41536,0.007584,0.074453,0.0071627,0.0001907,0.00013333,9.558e-06,6.2088e-07,3.9069e-09,4.79e-07,1.1086e-06,1.1374e-06,2.3014e-06,6.6685e-09,0.98491,0.01508,5.037e-06,0.99966,0.00033924,0.00033924,4.5475e-06,1.2283e-05,0.99966,0.089401,0.00014562,0.96441,0.44297
0.38531,7.354e-06,3.8327e-06,5.378e-06,8.9488e-06,0.0017053,2.5884e-06,0.0014465,0.050673,0.0012431,1.555e-07,0.13986,0.00081873,3.9064e-05,0.055483,0.061164,0.68737,0.00016982,0.13989,0.055068,0.80504,0.0031799,0.99682,0.99682,0.80402,0.11669,0.0031799,0.19472,0.11892,0.0031707,0.00018414
0.38682,2.6272e-05,1.9023e-05,2.7256e-05,3.729e-05,0.0032135,7.4843e-06,0.0027484,0.14685,0.0046085,9.316e-07,0.20435,0.0017836,0.00014659,0.031989,0.034412,0.56938,0.00039842,0.20446,0.15742,0.63811,0.0060792,0.99392,0.99392,0.63578,0.066549,0.0060792,0.3595,0.073339,0.0060329,0.00046297
0.46659,0.00016513,7.1877e-05,0.0001092,0.00019849,0.014726,5.1805e-05,0.012799,0.25666,0.0077331,2.0444e-06,0.12359,0.00083078,0.0001586,0.054409,0.058511,0.46974,0.00025125,0.12419,0.29192,0.5839,0.028121,0.97188,0.97188,0.58265,0.11308,0.028121,0.40907,0.1219,0.02794,0.00055893
0.39453,0.00054614,0.00036034,0.00053965,0.00078685,0.022059,0.00014247,0.019292,0.52941,0.024099,1.2888e-05,0.11392,0.0012938,0.0005241,0.023995,0.025026,0.2375,0.00049769,0.1163,0.59487,0.28883,0.043727,0.95627,0.95627,0.28652,0.049558,0.043727,0.68715,0.075448,0.042827,0.0018242
0.4901,0.0030075,0.0011966,0.001891,0.0036842,0.079528,0.00088757,0.072108,0.53201,0.030075,2.5288e-05,0.058187,0.00051779,0.00046866,0.029891,0.030894,0.15536,0.00027056,0.068854,0.71375,0.2174,0.1623,0.8377,0.8377,0.21614,0.061279,0.1623,0.74401,0.092142,0.15922,0.0058458
0.32843,0.00719,0.0044525,0.0070152,0.010823,0.080191,0.0017383,0.073799,0.62371,0.064673,0.00011451,0.038771,0.00057306,0.0010793,0.01046,0.010666,0.064363,0.00037696,0.06999,0.84249,0.087519,0.18521,0.81479,0.81479,0.085489,0.02232,0.18521,0.82036,0.087943,0.17374,0.018215
0.685,0.02846,0.0098234,0.017042,0.03662,0.19395,0.0075867,0.19344,0.38822,0.052684,0.00014311,0.016355,0.00017832,0.00063764,0.009058,0.0091967,0.036465,0.00014127,0.11589,0.82844,0.055677,0.48692,0.51308,0.51308,0.05472,0.019035,0.48692,0.80065,0.072039,0.46006,0.053803
0.63161,0.058709,0.032602,0.059412,0.096514,0.1533,0.012406,0.14613,0.31922,0.089659,0.00054308,0.0096565,0.00016525,0.0011935,0.0029095,0.0029577,0.014462,0.00015944,0.2693,0.70885,0.021848,0.55907,0.44093,0.44093,0.02033,0.0076037,0.55907,0.64277,0.097587,0.46706,0.15609
0.51573,0.13444,0.035777,0.078911,0.19267,0.18269,0.029539,0.1869,0.11418,0.035348,0.000305,0.0021075,2.452e-05,0.00031816,0.0011893,0.0012059,0.0043804,2.6454e-05,0.47344,0.51942,0.0071448,0.84091,0.15909,0.15909,0.0067757,0.0030184,0.84091,0.51609,0.038418,0.72623,0.2716
0.41091,0.15969,0.07208,0.18982,0.32446,0.07377,0.025779,0.070049,0.050775,0.030657,0.00062191,0.00064293,1.1101e-05,0.00029557,0.0001986,0.00020231,0.00092927,1.4275e-05,0.77248,0.22587,0.0016511,0.91565,0.084348,0.084348,0.0013302,0.0013184,0.91565,0.22196,0.032001,0.65375,0.51429
0.35297,0.2442,0.040335,0.13876,0.44463,0.040701,0.036577,0.040062,0.008821,0.0054583,0.00016071,6.2961e-05,7.2466e-07,3.4515e-05,3.5557e-05,3.6125e-05,0.00012728,1.025e-06,0.90456,0.095203,0.00023522,0.98526,0.014738,0.014738,0.00019896,0.0002669,0.98526,0.12642,0.0057269,0.80617,0.58338
0.27674,0.17223,0.054256,0.21617,0.51741,0.0087918,0.01799,0.0081061,0.0021749,0.0026014,0.00020571,1.1124e-05,1.9328e-07,1.8594e-05,3.475e-06,3.5552e-06,1.569e-05,3.2626e-07,0.97808,0.02188,4.1834e-05,0.99496,0.005035,0.005035,2.272e-05,0.00023133,0.99496,0.037299,0.0028332,0.72454,0.73359
0.29505,0.25552,0.0281,0.10196,0.57698,0.0046229,0.027643,0.0042055,0.00039778,0.00049231,6.2415e-05,1.4396e-06,1.8485e-08,2.7668e-06,8.1009e-07,8.3463e-07,2.7645e-06,3.4178e-08,0.99021,0.0097809,7.2286e-06,0.99904,0.00096117,0.00096117,4.4092e-06,6.6826e-05,0.99904,0.036936,0.00055918,0.86897,0.67895
0.48002,5.8005e-06,6.9824e-06,9.3617e-06,9.7451e-06,0.00089079,1.5787e-06,0.00074038,0.077654,0.0031461,6.0074e-07,0.33375,0.0042145,0.00016856,0.019772,0.020931,0.53792,0.00077562,0.33379,0.082432,0.58378,0.0016646,0.99834,0.99834,0.57862,0.040872,0.0016646,0.4182,0.049008,0.0016483,0.00079472
0.46735,1.5994e-05,2.7688e-05,3.7333e-05,3.1454e-05,0.0013202,3.4697e-06,0.0011104,0.19536,0.010043,2.9386e-06,0.41028,0.0081208,0.00053103,0.010014,0.010439,0.35113,0.0015363,0.41039,0.20784,0.38177,0.0025466,0.99745,0.99745,0.37158,0.020987,0.0025466,0.61826,0.040687,0.0024816,0.001605
0.43403,9.1304e-05,9.8087e-05,0.0001395,0.0001539,0.005445,2.1343e-05,0.0046739,0.37983,0.016507,6.0002e-06,0.22472,0.0032777,0.00053354,0.016453,0.017231,0.32995,0.00087282,0.22523,0.40646,0.36832,0.010623,0.98938,0.98938,0.36363,0.034223,0.010623,0.61938,0.054881,0.010385,0.0011662
0.30505,0.00022428,0.00037774,0.00052179,0.00045588,0.0062379,4.3151e-05,0.0053644,0.64849,0.043027,2.8698e-05,0.15077,0.003884,0.001378,0.0060576,0.0062237,0.1256,0.0013179,0.15239,0.70315,0.14446,0.013225,0.98677,0.98677,0.13788,0.013688,0.013225,0.81752,0.061917,0.012326,0.0022955
0.26619,0.0012634,0.0013106,0.0019234,0.0022155,0.022621,0.00027218,0.019915,0.71827,0.054222,5.7786e-05,0.071015,0.0013782,0.0012126,0.0080653,0.0082618,0.087314,0.00068226,0.078,0.81509,0.10691,0.049521,0.95048,0.95048,0.10364,0.017597,0.049521,0.83542,0.07388,0.046287,0.0048212
0.27172,0.0028317,0.0048563,0.0070182,0.0061526,0.021856,0.00049961,0.019173,0.73252,0.11941,0.0002569,0.04199,0.0013854,0.0027192,0.0028287,0.0028802,0.032722,0.00089482,0.063349,0.89322,0.04343,0.062387,0.93761,0.93761,0.03843,0.008685,0.062387,0.8213,0.13038,0.050513,0.014066
0.44044,0.016225,0.016396,0.026188,0.030609,0.074229,0.0031774,0.067233,0.57351,0.12961,0.00049653,0.024601,0.00059233,0.0023326,0.0037426,0.003809,0.026751,0.00048826,0.1172,0.84509,0.037716,0.23406,0.76594,0.76594,0.034303,0.010381,0.23406,0.74666,0.14108,0.19147,0.057286
0.58734,0.030262,0.053364,0.088493,0.07318,0.056447,0.0047362,0.0497,0.40135,0.21005,0.0018304,0.01323,0.00050108,0.0041379,0.0011706,0.0011962,0.0098383,0.00051119,0.26327,0.71938,0.017355,0.35618,0.64382,0.64382,0.012205,0.0083352,0.35618,0.53245,0.2194,0.21433,0.16218
0.62943,0.085556,0.082227,0.16596,0.18733,0.085444,0.013993,0.077681,0.18308,0.10603,0.0014746,0.0039867,0.00010333,0.0015302,0.00067178,0.00068615,0.0041315,0.00012004,0.53905,0.45371,0.0072429,0.69819,0.30181,0.30181,0.0054894,0.0043627,0.69819,0.36742,0.11061,0.45,0.3534
0.40155,0.075328,0.14069,0.34251,0.23579,0.028107,0.009206,0.024932,0.06358,0.074347,0.002481,0.00094386,3.6268e-05,0.0011317,8.9398e-05,9.1667e-05,0.00068691,5.0351e-05,0.80447,0.19345,0.0020863,0.85656,0.14344,0.14344,0.00086797,0.0037938,0.85656,0.13047,0.078228,0.37337,0.57835
0.3995,0.11604,0.09999,0.33694,0.36986,0.017611,0.013269,0.016047,0.013318,0.015683,0.00079704,0.00011262,2.8699e-06,0.00016013,1.9331e-05,1.9771e-05,0.00011435,4.3939e-06,0.93622,0.063457,0.00032085,0.96977,0.030232,0.030232,0.00015345,0.00099627,0.96977,0.061323,0.016687,0.53284,0.70681
0.2906,0.064624,0.12626,0.46009,0.32704,0.0033761,0.0054227,0.0029992,0.00277,0.0063917,0.00091852,1.6575e-05,6.3522e-07,7.3284e-05,1.6176e-06,1.6639e-06,1.1879e-05,1.1641e-06,0.98345,0.016455,9.0243e-05,0.98981,0.010187,0.010187,1.516e-05,0.00099509,0.98981,0.015578,0.0073885,0.40346,0.78713
0.35129,0.1137,0.086656,0.2876,0.49516,0.0023768,0.0098373,0.0021067,0.00066861,0.0015218,0.00035645,2.7842e-06,7.577e-08,1.3732e-05,4.9899e-07,5.163e-07,2.7586e-06,1.523e-07,0.99295,0.0070303,1.7734e-05,0.99743,0.0025674,0.0025674,3.7738e-06,0.0003712,0.99743,0.015363,0.0018932,0.62318,0.78276
0.36673,3.5493e-06,9.7172e-06,1.2415e-05,8.1804e-06,0.00037664,7.5712e-07,0.0003065,0.086675,0.0061953,1.8073e-06,0.60182,0.018573,0.00057363,0.0061333,0.0063283,0.27011,0.0028734,0.60186,0.093555,0.30459,0.00071772,0.99928,0.99928,0.28257,0.013037,0.00071772,0.7112,0.040679,0.0006956,0.002894
0.336,8.2482e-06,3.4008e-05,4.2795e-05,2.2299e-05,0.0004734,1.3787e-06,0.00039067,0.18513,0.018436,7.8907e-06,0.59935,0.032739,0.0016868,0.0028409,0.0029067,0.1506,0.0053268,0.59946,0.20444,0.1961,0.0009728,0.99903,0.99903,0.15635,0.0074424,0.0009728,0.82511,0.063944,0.000896,0.0053919
0.44283,4.392e-05,0.00011728,0.00015393,0.000103,0.0018055,7.7241e-06,0.0015262,0.42337,0.032007,1.5564e-05,0.34703,0.012494,0.0016556,0.0045693,0.0046906,0.16757,0.0028448,0.34745,0.45873,0.19382,0.0037576,0.99624,0.99624,0.17683,0.010931,0.0037576,0.79075,0.058276,0.0034864,0.0031017
0.28501,9.9709e-05,0.00043896,0.00054478,0.00028312,0.001944,1.4312e-05,0.0016448,0.62623,0.086883,7.2331e-05,0.1958,0.01342,0.0042822,0.0016963,0.0017265,0.060769,0.0041476,0.19718,0.71678,0.086041,0.0049696,0.99503,0.99503,0.064192,0.0077772,0.0049696,0.84756,0.11223,0.0039859,0.0049755
0.25449,0.00046383,0.0012983,0.0017201,0.0011556,0.0058255,7.3255e-05,0.0050046,0.75516,0.09842,0.00012022,0.077915,0.0035916,0.0030162,0.0019612,0.0019973,0.040634,0.0016398,0.082626,0.86453,0.05284,0.015541,0.98446,0.98446,0.044592,0.0070949,0.015541,0.85235,0.11075,0.012523,0.0045154
0.2479,0.0010308,0.0051191,0.006494,0.0031954,0.0056988,0.00013326,0.0048658,0.66165,0.23986,0.00056695,0.042373,0.0033799,0.0071003,0.00072032,0.00073361,0.01493,0.0021453,0.058345,0.91265,0.02901,0.026537,0.97346,0.97346,0.016384,0.0091212,0.026537,0.72791,0.25451,0.014924,0.011835
0.38618,0.0063805,0.019276,0.027701,0.017444,0.020859,0.00091575,0.018029,0.58384,0.25459,0.0011925,0.025531,0.0013871,0.0061271,0.0010686,0.0010904,0.013395,0.0011675,0.097249,0.87852,0.024236,0.11061,0.88939,0.88939,0.015554,0.0094785,0.11061,0.65905,0.26663,0.063629,0.046312
0.47901,0.010928,0.0628,0.090219,0.03817,0.015134,0.0012653,0.012901,0.34291,0.39094,0.0044295,0.012405,0.0010654,0.010486,0.00032265,0.00033102,0.0045535,0.0011458,0.21579,0.76631,0.017904,0.23142,0.76858,0.76858,0.0052072,0.015569,0.23142,0.40174,0.40872,0.078398,0.12953
0.69181,0.037305,0.12666,0.22651,0.11991,0.028293,0.0045651,0.024481,0.19215,0.22239,0.0046487,0.0047308,0.00027294,0.004781,0.00024332,0.00024986,0.0024648,0.0003395,0.51968,0.47197,0.0083515,0.56772,0.43228,0.43228,0.002958,0.0099229,0.56772,0.26426,0.23293,0.21455,0.34676
0.44621,0.027496,0.20861,0.41306,0.12376,0.0083131,0.0025693,0.0071474,0.057104,0.13948,0.0075847,0.0009882,8.5667e-05,0.0032521,2.9358e-05,3.0261e-05,0.00036444,0.00012894,0.77648,0.21963,0.0038908,0.79095,0.20905,0.20905,0.00042406,0.010896,0.79095,0.087174,0.15059,0.16928,0.53695
0.32149,0.041302,0.17727,0.52003,0.19845,0.0055712,0.0036916,0.0048864,0.013471,0.031763,0.0028138,0.00013378,7.6439e-06,0.00051271,7.177e-06,7.3836e-06,6.8818e-05,1.2704e-05,0.94088,0.058505,0.00061643,0.9512,0.048798,0.048798,8.3377e-05,0.003341,0.9512,0.031101,0.035124,0.2539,0.71849
0.22027,0.01969,0.22962,0.58993,0.13975,0.0010039,0.0013449,0.00087163,0.0025253,0.01175,0.0032562,1.8165e-05,1.5703e-06,0.00021979,5.7257e-07,5.9277e-07,6.6813e-06,3.1409e-06,0.98036,0.019408,0.00023234,0.98222,0.017782,0.017782,7.8463e-06,0.0034771,0.98222,0.0092446,0.015232,0.16266,0.72969
0.27251,0.039186,0.19455,0.49708,0.25913,0.00087888,0.0027847,0.00076472,0.00076109,0.0032952,0.0015079,3.7399e-06,2.2352e-07,4.8602e-05,2.1877e-07,2.2725e-07,1.9231e-06,4.8719e-07,0.99274,0.0072078,5.1681e-05,0.99438,0.0056196,0.0056196,2.3687e-06,0.001557,0.99438,0.0067504,0.0048528,0.30275,0.75621
0.30699,1.8641e-06,1.1469e-05,1.3921e-05,5.8388e-06,0.00014066,3.0932e-07,0.00011206,0.072982,0.010207,4.611e-06,0.72917,0.070309,0.0016994,0.0017605,0.0017986,0.10223,0.0095527,0.7292,0.083446,0.18735,0.00028609,0.99971,0.99971,0.10579,0.0052631,0.00028609,0.88397,0.095331,0.0002607,0.0095725
0.32718,4.2359e-06,4.1261e-05,4.8116e-05,1.5598e-05,0.00017325,5.5477e-07,0.00014008,0.1412,0.031823,2.1164e-05,0.62197,0.12039,0.0054458,0.00084675,0.00086239,0.057822,0.019199,0.62208,0.17335,0.20457,0.00042309,0.99958,0.99958,0.059531,0.0071761,0.00042309,0.90854,0.17859,0.00033372,0.019263
0.41701,2.2149e-05,0.00014765,0.00017614,7.1533e-05,0.00063949,2.9743e-06,0.00053117,0.35909,0.062615,4.3326e-05,0.43594,0.047932,0.0056544,0.0013762,0.0013997,0.074013,0.010349,0.43636,0.42292,0.14072,0.0015911,0.99841,0.99841,0.076789,0.0084736,0.0015911,0.86018,0.12937,0.0012673,0.010596
0.43365,5.1015e-05,0.00058867,0.00064351,0.00019956,0.00070912,5.5603e-06,0.0005901,0.47061,0.18514,0.00021771,0.22968,0.048738,0.016256,0.00055888,0.00056809,0.029472,0.01597,0.23117,0.65727,0.11156,0.0027875,0.99721,0.99721,0.030599,0.0176,0.0027875,0.78277,0.26745,0.0015554,0.016813
0.31607,0.00020409,0.0015851,0.0018232,0.00071177,0.0018293,2.3962e-05,0.0015445,0.63044,0.22079,0.00032041,0.092476,0.01158,0.010052,0.00058154,0.00059135,0.020212,0.0052306,0.096824,0.85493,0.048248,0.0077219,0.99228,0.99228,0.021385,0.011545,0.0077219,0.7535,0.24915,0.0043136,0.0077655
0.46624,0.00036371,0.005328,0.0056301,0.0015757,0.0014691,3.5031e-05,0.0012344,0.42504,0.47835,0.0013141,0.038921,0.0082218,0.020432,0.00018065,0.00018445,0.0062077,0.0055186,0.051853,0.9074,0.040745,0.015636,0.98436,0.98436,0.0065728,0.022111,0.015636,0.50218,0.5142,0.0046779,0.012724
0.43693,0.0020192,0.019008,0.023073,0.0078618,0.0048594,0.00021369,0.0041112,0.41771,0.47169,0.0024933,0.021325,0.0027846,0.014611,0.00024733,0.00025313,0.0053055,0.0024343,0.0735,0.90086,0.025636,0.061146,0.93885,0.93885,0.005806,0.017605,0.061146,0.47055,0.49451,0.019065,0.033369
0.43279,0.0029789,0.056747,0.064691,0.014619,0.0031331,0.00025886,0.0026256,0.2003,0.60925,0.0088101,0.0086898,0.0017753,0.022348,6.7659e-05,6.9679e-05,0.0015652,0.0020676,0.14798,0.82412,0.027893,0.14505,0.85495,0.85495,0.0017025,0.031295,0.14505,0.25001,0.64439,0.023616,0.081378
0.66751,0.012341,0.1496,0.21297,0.056263,0.0072522,0.0011401,0.0061332,0.14447,0.37977,0.011635,0.0041183,0.0005432,0.011827,6.5541e-05,6.7606e-05,0.0010778,0.0007306,0.43643,0.54926,0.014312,0.44569,0.55431,0.55431,0.001211,0.023596,0.44569,0.18785,0.40464,0.08313,0.26996
0.57581,0.0091357,0.2702,0.35246,0.055536,0.0022747,0.00067027,0.0019139,0.042692,0.2327,0.022087,0.00091229,0.0001824,0.0087471,8.867e-06,9.1909e-06,0.00017233,0.00030264,0.68891,0.30167,0.0094225,0.69219,0.30781,0.30781,0.00019037,0.030853,0.69219,0.079783,0.26404,0.069531,0.4083
0.29193,0.013613,0.28059,0.53406,0.088386,0.0016212,0.00097078,0.0013885,0.011414,0.056887,0.0093447,0.00013855,1.8094e-05,0.001495,2.4176e-06,2.503e-06,3.6543e-05,3.2971e-05,0.91776,0.080655,0.0015875,0.92063,0.079372,0.079372,4.1461e-05,0.010845,0.92063,0.026423,0.067783,0.10598,0.62248
0.28582,0.0063895,0.40358,0.49726,0.055784,0.00032028,0.00036959,0.00027135,0.0021989,0.020715,0.012386,2.0684e-05,4.1014e-06,0.00068944,2.302e-07,2.4131e-07,4.0111e-06,9.0208e-06,0.9634,0.035891,0.00070703,0.96397,0.036027,0.036027,4.4693e-06,0.013076,0.96397,0.016269,0.033804,0.063134,0.55305
0.26484,0.011675,0.35909,0.5159,0.10014,0.00027403,0.00069751,0.00023337,0.00067581,0.0056474,0.0055128,4.1783e-06,5.604e-07,0.00014369,8.6949e-08,8.8769e-08,1.1401e-06,1.3305e-06,0.98751,0.012343,0.00014689,0.98801,0.011987,0.011987,1.3115e-06,0.0056566,0.98801,0.0075432,0.011306,0.11302,0.61604
0.35245,9.5773e-07,1.2939e-05,1.4872e-05,3.9936e-06,5.2127e-05,1.4101e-07,4.0761e-05,0.053976,0.015635,1.1305e-05,0.61848,0.23621,0.0049314,0.000523,0.00053512,0.037317,0.032251,0.61851,0.069715,0.31177,0.00012565,0.99987,0.99987,0.038375,0.0060007,0.00012567,0.94596,0.2901,9.7896e-05,0.03227
0.39322,1.8258e-06,4.1666e-05,4.4796e-05,9.0896e-06,5.4961e-05,1.9135e-07,4.3636e-05,0.084917,0.044156,4.7739e-05,0.43579,0.33711,0.015299,0.00022587,0.00023096,0.019606,0.062423,0.43588,0.12922,0.4349,0.00019614,0.9998,0.9998,0.020063,0.015804,0.00019614,0.93568,0.45949,0.00010969,0.062477
0.45242,1.093e-05,0.00018023,0.00019377,4.8109e-05,0.00022725,1.1364e-06,0.00018521,0.2393,0.10913,0.00011928,0.40493,0.15695,0.019427,0.00042276,0.00043046,0.030151,0.038288,0.40536,0.34897,0.24567,0.00084663,0.99915,0.99915,0.031004,0.020399,0.00084663,0.85943,0.32477,0.00047264,0.038529
0.47964,2.197e-05,0.00065455,0.00062565,0.00011704,0.00022337,1.845e-06,0.00018267,0.26145,0.29214,0.00056018,0.19283,0.13133,0.054056,0.00015988,0.00016325,0.011695,0.053788,0.19425,0.55456,0.25119,0.0018271,0.99817,0.99817,0.012018,0.054939,0.0018271,0.69442,0.5322,0.00054689,0.054531
0.44122,8.7941e-05,0.0018788,0.0018343,0.0004217,0.00057332,7.8302e-06,0.00047655,0.38016,0.42623,0.00087421,0.091671,0.033708,0.035314,0.000172,0.00017545,0.0090234,0.017389,0.095902,0.80832,0.095782,0.0052805,0.99472,0.99472,0.0093709,0.036535,0.0052805,0.56017,0.51387,0.0015673,0.019645
0.29777,0.00010917,0.0045695,0.0039327,0.00064589,0.00032828,8.028e-06,0.00027158,0.18836,0.68613,0.0027091,0.027437,0.016009,0.054565,3.9248e-05,4.0271e-05,0.0020654,0.012785,0.036703,0.87779,0.085504,0.0098651,0.99013,0.99013,0.0021449,0.057354,0.0098651,0.30247,0.77228,0.001363,0.017363
0.27378,0.00051393,0.014971,0.01442,0.002771,0.00092838,4.101e-05,0.00077379,0.19748,0.70717,0.0045552,0.013766,0.0045901,0.031846,4.6919e-05,4.8215e-05,0.0016311,0.0044524,0.046483,0.9109,0.042615,0.034419,0.96558,0.96558,0.0017262,0.036497,0.034419,0.25843,0.7527,0.0050282,0.021643
0.26171,0.00071364,0.042524,0.035934,0.0047308,0.00058269,4.8083e-05,0.00047994,0.088289,0.75295,0.016377,0.0051587,0.002593,0.045678,1.2873e-05,1.3315e-05,0.00046261,0.0034548,0.089109,0.85868,0.052214,0.085013,0.91499,0.91499,0.00048878,0.062081,0.085013,0.16266,0.82108,0.0065551,0.044119
0.57419,0.0034792,0.14439,0.1448,0.021494,0.0016208,0.00024987,0.0013452,0.083434,0.54026,0.026512,0.0029945,0.00093037,0.026676,1.5455e-05,1.6004e-05,0.00039727,0.0013936,0.3174,0.65317,0.029429,0.31737,0.68263,0.68263,0.00042871,0.05322,0.31737,0.14516,0.5958,0.028189,0.16768
0.59803,0.0030017,0.29788,0.23061,0.023155,0.00063352,0.00018079,0.00051976,0.027982,0.3271,0.063817,0.00080706,0.00037527,0.023148,2.7866e-06,2.9227e-06,8.0525e-05,0.00070172,0.55564,0.42005,0.024311,0.55598,0.44402,0.44402,8.6183e-05,0.08697,0.55598,0.11816,0.41515,0.02749,0.25447
0.39157,0.0048889,0.41543,0.39405,0.03924,0.00052642,0.00029126,0.00043919,0.0093594,0.096961,0.033816,0.00015225,4.5901e-05,0.0046789,9.373e-07,9.8012e-07,2.123e-05,9.3015e-05,0.85406,0.1411,0.0048409,0.85487,0.14513,0.14513,2.3132e-05,0.038497,0.85487,0.049403,0.1356,0.045386,0.43339
0.32351,0.0023988,0.57995,0.30675,0.023374,0.00012204,0.00012473,9.9848e-05,0.0019401,0.03379,0.049078,2.6426e-05,1.2027e-05,0.0022955,1.526e-07,1.4675e-07,2.8715e-06,2.8989e-05,0.91263,0.08503,0.0023394,0.91283,0.087174,0.087174,3.0929e-06,0.051374,0.91283,0.053728,0.085205,0.02612,0.33016
0.29073,0.0037632,0.57081,0.35759,0.036699,9.6051e-05,0.00020166,7.9183e-05,0.00059266,0.0090544,0.020663,5.1355e-06,1.566e-06,0.00044235,7.1821e-08,6.247e-08,7.8547e-07,4.0233e-06,0.96907,0.030485,0.00044876,0.96924,0.030763,0.030763,9.0339e-07,0.021105,0.96924,0.022085,0.030165,0.040839,0.39429
0.43194,3.62e-07,9.9401e-06,1.0781e-05,1.8666e-06,1.3674e-05,5.0666e-08,1.0536e-05,0.027959,0.016466,1.9033e-05,0.32937,0.5201,0.010374,0.00011467,0.000118,0.010503,0.084927,0.32939,0.044468,0.62614,4.7072e-05,0.99995,0.99995,0.010736,0.010625,4.7084e-05,0.97278,0.63212,2.6392e-05,0.084939
0.32871,4.7434e-07,2.5421e-05,2.4936e-05,3.1766e-06,1.0825e-05,4.588e-08,8.4852e-06,0.033146,0.037603,6.5932e-05,0.18927,0.55923,0.028691,3.8532e-05,3.9637e-05,0.0045257,0.14732,0.18932,0.070834,0.73984,7.3333e-05,0.99993,0.99993,0.0046039,0.028836,7.3328e-05,0.95774,0.77299,2.2987e-05,0.14735
0.45844,3.8245e-06,0.00015499,0.00014904,2.2785e-05,5.9084e-05,3.0922e-07,4.7354e-05,0.11492,0.12879,0.00023517,0.24765,0.33842,0.050391,9.675e-05,9.9068e-05,0.0092799,0.10968,0.24798,0.24405,0.50797,0.00043738,0.99956,0.99956,0.0094757,0.050822,0.00043738,0.8614,0.62771,0.00013335,0.10985
0.46181,6.4446e-06,0.00049021,0.00040765,4.6433e-05,4.9226e-05,4.2007e-07,3.9609e-05,0.10548,0.29036,0.00099521,0.10746,0.22532,0.13268,3.215e-05,3.3034e-05,0.0032801,0.13333,0.10841,0.39692,0.49467,0.00104,0.99896,0.99896,0.0033453,0.13374,0.00104,0.70534,0.78274,0.00014213,0.13378
0.42778,2.9828e-05,0.0017016,0.0014084,0.000194,0.00014477,2.0521e-06,0.00011831,0.16939,0.53822,0.0019059,0.064414,0.069326,0.103,4.0914e-05,4.198e-05,0.0030766,0.046986,0.06775,0.70978,0.22247,0.0035989,0.9964,0.9964,0.0031595,0.10499,0.0035989,0.45529,0.75952,0.00048895,0.048588
0.28687,3.1916e-05,0.00358,0.0025426,0.00025291,7.2973e-05,1.8408e-06,5.9258e-05,0.074856,0.69136,0.0054227,0.01709,0.027083,0.14812,8.4818e-06,8.756e-06,0.00064131,0.028868,0.023499,0.77177,0.20473,0.0065415,0.99346,0.99346,0.00065854,0.15356,0.0065415,0.30157,0.90087,0.0004189,0.031664
0.23558,0.0001299,0.010864,0.0081574,0.00093999,0.0001797,8.0784e-06,0.00014716,0.077526,0.79571,0.0084867,0.0081465,0.0070672,0.073808,9.0791e-06,9.3808e-06,0.00047569,0.0083305,0.028245,0.88205,0.0897,0.020426,0.97957,0.97957,0.00049415,0.082314,0.020426,0.1837,0.89343,0.0014048,0.017428
0.3095,0.00020149,0.032692,0.020834,0.0017389,0.00013106,1.0982e-05,0.00010554,0.03965,0.74552,0.035101,0.0033731,0.0041565,0.10962,3.0069e-06,3.1381e-06,0.00015692,0.0066948,0.058851,0.82051,0.12064,0.055714,0.94429,0.94429,0.00016303,0.14473,0.055714,0.19885,0.90111,0.0021879,0.029268
0.41693,0.00098423,0.12151,0.083532,0.0078585,0.00037386,5.7361e-05,0.00030314,0.042388,0.615,0.060784,0.0020955,0.0015449,0.060741,3.8362e-06,4.0018e-06,0.0001455,0.0026701,0.21604,0.71885,0.06511,0.21462,0.78538,0.78538,0.00015331,0.12153,0.21462,0.17096,0.74075,0.009577,0.094061
0.60011,0.00098535,0.25739,0.13262,0.0092859,0.00018153,5.107e-05,0.00014449,0.016347,0.35411,0.16975,0.00067321,0.00071822,0.056171,9.467e-07,1.105e-06,3.746e-05,0.0015311,0.40101,0.54053,0.058459,0.40066,0.59934,0.59934,3.9297e-05,0.22593,0.40066,0.24557,0.58228,0.010648,0.14344
0.52578,0.0018464,0.47019,0.23733,0.017264,0.000185,9.6732e-05,0.00014915,0.0070708,0.13556,0.11583,0.00016652,0.00011464,0.013923,4.1969e-07,4.9524e-07,1.3058e-05,0.00025982,0.7269,0.25879,0.014311,0.72706,0.27294,0.27294,1.3885e-05,0.12975,0.72706,0.13779,0.26569,0.019541,0.25486
0.45098,0.0010111,0.57576,0.18058,0.01069,5.2894e-05,4.9386e-05,4.1802e-05,0.001684,0.04721,0.17566,3.4654e-05,3.5242e-05,0.0071037,6.3302e-07,6.019e-07,2.5199e-06,9.1869e-05,0.76812,0.22464,0.0072332,0.76818,0.23182,0.23182,2.5382e-06,0.18276,0.76818,0.18475,0.2301,0.011844,0.19136
0.3652,0.001514,0.67384,0.21554,0.015476,4.332e-05,7.7616e-05,3.4637e-05,0.00057272,0.014124,0.077306,7.9685e-06,5.3009e-06,0.0014532,3.369e-07,1.8312e-07,8.6235e-07,1.3948e-05,0.90645,0.092079,0.0014729,0.90652,0.093482,0.093482,1.0653e-06,0.078759,0.90652,0.079512,0.092902,0.017144,0.23103
0.27279,8.289e-08,4.769e-06,4.8557e-06,5.6494e-07,2.2932e-06,4.5446e-08,1.7616e-06,0.0095244,0.011067,2.0324e-05,0.11636,0.67157,0.015,1.6452e-05,1.7047e-05,0.002051,0.17436,0.11637,0.020616,0.86301,1.4182e-05,0.99999,0.99999,0.0020845,0.015053,1.418e-05,0.98684,0.87205,4.6454e-06,0.17436
0.2893,8.7498e-08,1.0711e-05,9.4774e-06,7.6106e-07,1.4935e-06,1.2355e-08,1.1656e-06,0.0092794,0.021971,6.4078e-05,0.0593,0.56934,0.041588,4.6707e-06,4.8412e-06,0.00076357,0.29766,0.059321,0.031317,0.90936,2.3676e-05,0.99998,0.99998,0.00077307,0.041662,2.3671e-05,0.97724,0.93063,3.4962e-06,0.29767
0.34898,8.3195e-07,8.3185e-05,7.0712e-05,6.6835e-06,9.7866e-06,5.3119e-08,7.745e-06,0.037537,0.094459,0.00029522,0.09896,0.44092,0.092319,1.43e-05,1.4736e-05,0.0019214,0.23338,0.099122,0.13231,0.76857,0.00017898,0.99982,0.99982,0.0019504,0.092643,0.00017898,0.90343,0.8614,2.5091e-05,0.23346
0.40644,1.305e-06,0.0002486,0.00017984,1.2622e-05,7.6344e-06,7.068e-08,6.0527e-06,0.030868,0.18344,0.001228,0.041006,0.24658,0.24696,4.5673e-06,4.7227e-06,0.00064647,0.24881,0.041449,0.21555,0.743,0.00045611,0.99954,0.99954,0.00065575,0.2482,0.00045611,0.81546,0.92702,2.7672e-05,0.249
0.49421,7.9473e-06,0.0011665,0.00082607,6.9351e-05,2.9357e-05,4.3009e-07,2.3568e-05,0.061476,0.44376,0.0032532,0.033732,0.10141,0.25132,7.8095e-06,8.0677e-06,0.00081964,0.10209,0.035803,0.50854,0.45566,0.0021232,0.99788,0.99788,0.00083551,0.25459,0.0021232,0.55333,0.90185,0.00013065,0.10299
0.53013,8.8587e-06,0.0024419,0.001485,9.2319e-05,1.5756e-05,4.1448e-07,1.2514e-05,0.027643,0.4783,0.0097674,0.009289,0.037885,0.37463,1.7851e-06,1.8592e-06,0.00018338,0.058236,0.013317,0.51574,0.47094,0.0040567,0.99594,0.99594,0.00018702,0.3844,0.0040567,0.51748,0.95883,0.00012985,0.059813
0.28678,4.0577e-05,0.0086582,0.005292,0.00038411,4.4051e-05,2.0488e-06,3.5273e-05,0.033973,0.6911,0.018592,0.0054356,0.011912,0.20603,2.2484e-06,2.3384e-06,0.00016502,0.018331,0.019813,0.74374,0.23644,0.014456,0.98554,0.98554,0.00016959,0.22463,0.014456,0.29435,0.94597,0.00050604,0.024007
0.41357,6.5967e-05,0.024618,0.013048,0.00072357,3.5248e-05,3.0378e-06,2.7628e-05,0.018839,0.56914,0.077911,0.0023629,0.0068796,0.27254,9.0421e-07,9.404e-07,6.0684e-05,0.013735,0.040822,0.66596,0.29322,0.038522,0.96148,0.96148,6.2395e-05,0.35046,0.038522,0.39234,0.94022,0.00085531,0.027507
0.43048,0.00030421,0.091419,0.048026,0.0030495,9.7135e-05,1.5046e-05,7.6582e-05,0.021151,0.54771,0.13975,0.001504,0.0025799,0.139,1.1148e-06,1.1672e-06,5.7729e-05,0.0052483,0.14432,0.70879,0.14689,0.14299,0.85701,0.85701,5.9917e-05,0.27876,0.14299,0.30943,0.8343,0.0035424,0.056324
0.52649,0.00029669,0.16167,0.068189,0.0033893,4.8892e-05,1.4113e-05,3.7836e-05,0.0081287,0.27962,0.36489,0.00047938,0.0011399,0.10933,7.7749e-07,7.5544e-07,1.5725e-05,0.0027589,0.23403,0.65272,0.11324,0.23364,0.76636,0.76636,1.6826e-05,0.47422,0.23364,0.48682,0.75773,0.0037853,0.074337
0.7423,0.00065573,0.36085,0.13097,0.0071,6.2215e-05,3.1201e-05,4.8653e-05,0.0045518,0.14098,0.32054,0.00015739,0.00024047,0.033198,4.4224e-07,7.1246e-07,7.4931e-06,0.00060392,0.49977,0.46619,0.03405,0.49972,0.50028,0.50028,8.2686e-06,0.35374,0.49972,0.35943,0.49557,0.007897,0.13867
0.73751,0.00037879,0.3623,0.099444,0.0045004,2.0698e-05,2.0968e-05,1.7223e-05,0.001185,0.048322,0.4675,3.7846e-05,7.9863e-05,0.015988,2.4323e-07,2.2362e-06,4.104e-06,0.000219,0.46667,0.51704,0.016285,0.46667,0.53333,0.53333,4.6985e-06,0.48349,0.46667,0.48506,0.53211,0.004931,0.10416
0.69947,0.00072624,0.5592,0.14455,0.0078834,2.7596e-05,3.7901e-05,2.1854e-05,0.00058275,0.020593,0.26183,1.6732e-05,2.4209e-05,0.0045,3.3094e-06,4.5214e-06,9.3482e-07,4.7322e-05,0.7124,0.28304,0.0045624,0.71243,0.28757,0.28758,6.9482e-06,0.26632,0.71242,0.26706,0.28699,0.008678,0.15248
0.31479,5.8919e-08,2.0795e-06,1.9485e-06,1.9406e-07,3.5156e-07,2.8868e-09,2.9823e-07,0.0028685,0.0064223,1.9947e-05,0.036489,0.58526,0.020233,2.233e-06,2.3419e-06,0.00036454,0.34833,0.036493,0.0093112,0.9542,4.7629e-06,1,1,0.00036905,0.020257,4.824e-06,0.9932,0.96027,8.0315e-07,0.34833
0.25372,2.3317e-08,4.3753e-06,3.5297e-06,1.9465e-07,2.121e-07,1.2897e-08,1.6213e-07,0.0023422,0.010849,6.0634e-05,0.016413,0.39361,0.054419,5.7582e-07,6.0876e-07,0.00012005,0.52218,0.016421,0.013252,0.97033,8.464e-06,0.99999,0.99999,0.00012123,0.05448,8.4598e-06,0.98902,0.98112,5.7686e-07,0.52218
0.32374,1.4065e-07,3.3293e-05,2.5054e-05,1.4818e-06,1.2553e-06,1.23e-08,9.8104e-07,0.0091899,0.04797,0.00028198,0.02912,0.36797,0.13515,1.6405e-06,1.7061e-06,0.00030046,0.40995,0.02918,0.057444,0.91338,6.2201e-05,0.99994,0.99994,0.0003038,0.13544,6.2199e-05,0.95167,0.96133,3.8579e-06,0.40998
0.40178,2.3121e-07,0.00010034,6.5139e-05,2.9117e-06,1.0439e-06,1.8572e-08,8.1044e-07,0.0071619,0.080577,0.0012168,0.012041,0.18441,0.35702,5.7593e-07,5.9801e-07,0.00010374,0.35729,0.01221,0.088957,0.89883,0.00017046,0.99983,0.99983,0.00010491,0.35824,0.00017046,0.91915,0.98052,4.9924e-06,0.35736
0.42194,1.6401e-06,0.00057621,0.00035833,1.8875e-05,4.6937e-06,7.8993e-08,3.6937e-06,0.016998,0.23257,0.0040815,0.012706,0.099389,0.46979,1.1797e-06,1.2336e-06,0.0001645,0.16333,0.013662,0.25366,0.73268,0.00096349,0.99904,0.99904,0.00016691,0.47388,0.00096349,0.76631,0.96917,2.8971e-05,0.16371
0.31322,2.0002e-06,0.0011885,0.00065724,2.684e-05,2.8542e-06,8.5023e-08,2.2138e-06,0.0078172,0.20904,0.012459,0.0037026,0.035764,0.6488,3.2977e-07,3.3416e-07,4.1407e-05,0.080499,0.0055771,0.22932,0.7651,0.0018796,0.99812,0.99812,4.2059e-05,0.66126,0.0018796,0.78904,0.98656,3.395e-05,0.081183
0.49256,1.2165e-05,0.0057496,0.0030864,0.00014717,1.0662e-05,5.4522e-07,8.3076e-06,0.013457,0.41205,0.034315,0.0031705,0.016529,0.47749,5.7106e-07,5.9913e-07,5.3603e-05,0.033924,0.012166,0.45984,0.528,0.0090147,0.99099,0.99099,5.4762e-05,0.5118,0.0090147,0.5789,0.9743,0.00017874,0.037157
0.42843,1.9836e-05,0.014305,0.0070308,0.00027126,9.1326e-06,9.7033e-07,7.0056e-06,0.0077077,0.31273,0.12982,0.0013938,0.0090281,0.49566,3.5741e-07,3.6968e-07,2.1513e-05,0.021993,0.023022,0.45027,0.5267,0.021644,0.97836,0.97836,2.2029e-05,0.62548,0.021644,0.66562,0.96923,0.00030759,0.029295
0.47294,9.1089e-05,0.055085,0.02558,0.0011326,2.5558e-05,4.0389e-06,1.9419e-05,0.0095685,0.36534,0.26581,0.00097469,0.0037419,0.26369,4.7845e-07,6.2591e-07,2.2281e-05,0.0089186,0.082867,0.64076,0.27637,0.081937,0.91806,0.91806,2.3031e-05,0.5295,0.081937,0.55275,0.9075,0.001272,0.035631
0.4133,7.8901e-05,0.07298,0.029677,0.0010798,1.3329e-05,4.4212e-06,9.2259e-06,0.0033531,0.16125,0.57021,0.00027789,0.0014114,0.15586,1.694e-06,4.715e-07,6.3154e-06,0.003806,0.10409,0.73482,0.16108,0.10384,0.89616,0.89616,6.6128e-06,0.72607,0.10384,0.73493,0.89253,0.0011806,0.034563
0.47948,0.00018433,0.17369,0.058078,0.0023357,1.8573e-05,8.2731e-06,1.536e-05,0.0021672,0.09779,0.61143,0.00010857,0.00035154,0.052885,2.0845e-06,3.2884e-07,3.2265e-06,0.00095786,0.23439,0.71141,0.054198,0.23432,0.76568,0.76568,5.7305e-06,0.66432,0.23432,0.66793,0.76341,0.0025528,0.061369
0.35053,0.0001139,0.13526,0.040165,0.0014123,1.1507e-05,1.5779e-05,1.0143e-05,0.00057051,0.030949,0.76949,2.5545e-05,0.00012557,0.021646,3.5737e-06,4.9432e-07,4.14e-06,0.00032045,0.17695,0.801,0.022059,0.17693,0.82307,0.82307,1.223e-06,0.79111,0.17694,0.79213,0.82249,0.0015253,0.041888
0.7065,0.00028755,0.28961,0.081189,0.0034544,3.0907e-05,3.3356e-05,1.326e-05,0.00045772,0.020686,0.59505,4.4319e-05,6.4708e-05,0.0091691,1.9554e-06,3.0483e-05,2.2318e-05,0.00011503,0.37451,0.61619,0.0093425,0.37451,0.62549,0.62548,5.4338e-06,0.60424,0.3745,0.60484,0.62505,0.003752,0.084738
0.22891,4.8893e-09,1.1428e-06,1.0864e-06,1.6728e-07,1.8039e-07,8.4316e-08,2.3381e-07,0.00095819,0.0038511,2.3783e-05,0.012055,0.39259,0.027161,5.5618e-07,5.4712e-07,7.4485e-05,0.56328,0.012057,0.0048329,0.98311,2.2896e-06,1,1,7.5228e-05,0.027186,2.3833e-06,0.99607,0.98691,2.1148e-07,0.56328
0.22891,7.8725e-08,2.5103e-06,1.9899e-06,8.3483e-08,8.3706e-08,4.2293e-08,4.5413e-08,0.00075165,0.0059109,7.7143e-05,0.0054294,0.24225,0.067419,1.3456e-07,1.5814e-07,2.5695e-05,0.67813,0.005434,0.0067397,0.98783,4.5856e-06,1,1,2.5918e-05,0.067496,4.6582e-06,0.99406,0.99379,2.0372e-07,0.67813
0.28122,2.7933e-08,1.3905e-05,9.7258e-06,3.9155e-07,2.0012e-07,1.6773e-08,1.4726e-07,0.0021881,0.0208,0.0002776,0.0080553,0.23189,0.16693,2.2735e-07,2.4007e-07,4.8427e-05,0.56979,0.0080793,0.023266,0.96865,2.4346e-05,0.99998,0.99998,4.8879e-05,0.16721,2.4349e-05,0.97913,0.98968,7.5249e-07,0.5698
0.43051,8.5608e-08,4.7534e-05,3.0127e-05,9.7836e-07,2.3374e-07,2.9036e-08,1.918e-07,0.001926,0.033976,0.001348,0.0039587,0.1263,0.41713,1.5818e-07,1.504e-07,2.1193e-05,0.41525,0.0040373,0.03725,0.95871,7.8958e-05,0.99992,0.99992,2.1415e-05,0.41848,7.8969e-05,0.96592,0.99402,1.374e-06,0.41528
0.38576,3.5206e-07,0.00024108,0.00014055,4.9487e-06,7.787e-07,2.2713e-08,6.0223e-07,0.0040989,0.089179,0.0042355,0.0040537,0.072728,0.63158,2.0891e-07,2.1058e-07,3.0656e-05,0.1937,0.0044406,0.097514,0.89805,0.00038821,0.99961,0.99961,3.102e-05,0.63582,0.00038823,0.9104,0.99143,6.6277e-06,0.19385
0.26539,5.8144e-07,0.00055735,0.00030817,9.1022e-06,7.7394e-07,1.065e-07,5.1069e-07,0.0023412,0.080538,0.014177,0.0015064,0.030138,0.77994,7.4733e-08,1.8647e-07,1.0981e-05,0.090474,0.0023814,0.097058,0.90056,0.00087606,0.99912,0.99912,1.1056e-05,0.79412,0.0008761,0.91858,0.99527,1.0758e-05,0.090791
0.25179,3.2985e-06,0.0028508,0.0014733,4.9209e-05,2.4103e-06,1.7225e-07,1.8669e-06,0.0044287,0.17469,0.044678,0.0014825,0.016804,0.70936,2.1551e-07,2.2139e-07,1.5501e-05,0.044166,0.005859,0.2238,0.77034,0.0043808,0.99562,0.99562,1.5742e-05,0.75404,0.0043808,0.82092,0.98969,5.678e-05,0.045688
0.38209,7.8453e-06,0.0071395,0.0036223,0.00010672,2.664e-06,1.1642e-06,3.36e-06,0.0031181,0.14906,0.16506,0.0007821,0.010326,0.63194,1.8878e-06,8.3234e-07,9.2608e-06,0.02884,0.011654,0.31724,0.67111,0.010878,0.98912,0.98912,9.6314e-06,0.79699,0.010878,0.84006,0.98522,0.00011749,0.032568
0.43926,2.6553e-05,0.026501,0.012275,0.00040085,8.3111e-06,1.6569e-06,6.8257e-06,0.0039456,0.19356,0.37445,0.00056184,0.0045535,0.3714,6.6746e-07,7.1633e-07,8.8688e-06,0.012311,0.039764,0.57196,0.38828,0.039212,0.96079,0.96079,9.1818e-06,0.74585,0.039213,0.76723,0.95627,0.00044032,0.024984
0.28936,3.0772e-05,0.029493,0.013113,0.00037627,1.5902e-05,8.4767e-06,8.1846e-06,0.0014399,0.084473,0.68074,0.00017166,0.0016777,0.18369,5.0974e-06,1.0485e-05,3.14e-06,0.004827,0.04317,0.76665,0.19019,0.043008,0.95699,0.95699,1.1668e-05,0.86444,0.043002,0.87253,0.95539,0.00041043,0.018321
0.28038,4.4217e-05,0.059812,0.021797,0.00068301,8.7714e-06,2.8151e-06,8.6419e-06,0.0008658,0.050812,0.80369,6.2135e-05,0.00040656,0.060711,6.4151e-06,4.1075e-06,3.927e-06,0.0011542,0.082384,0.85536,0.062262,0.082332,0.91767,0.91767,2.1993e-06,0.8644,0.082332,0.86687,0.91675,0.00073733,0.023618
0.24227,7.4397e-05,0.042876,0.01601,0.00047551,2.439e-05,3.3001e-05,3.7094e-05,0.00029532,0.017764,0.89751,2.5875e-05,0.00017394,0.024633,3.1656e-05,3.2756e-05,2.8391e-05,0.00045328,0.059348,0.91546,0.025216,0.059374,0.94063,0.94064,1.5587e-05,0.9221,0.059324,0.92294,0.94038,0.00055101,0.01689
0.24227,0.00021164,0.10034,0.03495,0.0012539,0.00010019,5.0158e-05,1.083e-05,0.00034423,0.014243,0.8368,5.5745e-05,9.5876e-05,0.012081,8.8646e-05,8.5156e-05,0.00012183,0.00018417,0.13648,0.85113,0.012423,0.13652,0.86347,0.86345,0.00012661,0.84888,0.13647,0.84931,0.86322,0.0012964,0.036271
